Workbook

Sheet Dynamic_Line_Graph
A1: Choice | B1: AREA_NAME | C1: 2014 | D1: 2015 | E1: 2016 | F1: 2017 | G1: 2018 | H1: 2019 | I1: 2020 | J1: 2021 | K1: 2022 | L1: 2023 | M1: 2024 | N1: 2025
A2: 1 | B2: Agincourt North | C2: =IF(VLOOKUP($B2, 'neighbourhood-crime-rates - 432'!$B$2:$N$165, COLUMN(B1), FALSE) = 0, NA(), VLOOKUP($B2, 'neighbourhood-crime-rates - 432'!$B$2:$N$165, COLUMN(B1), FALSE)) -> 13.206551 | D2: =IF(VLOOKUP($B2, 'neighbourhood-crime-rates - 432'!$B$2:$N$165, COLUMN(C1), FALSE) = 0, NA(), VLOOKUP($B2, 'neighbourhood-crime-rates - 432'!$B$2:$N$165, COLUMN(C1), FALSE)) -> 23.388687 | E2: =IF(VLOOKUP($B2, 'neighbourhood-crime-rates - 432'!$B$2:$N$165, COLUMN(D1), FALSE) = 0, NA(), VLOOKUP($B2, 'neighbourhood-crime-rates - 432'!$B$2:$N$165, COLUMN(D1), FALSE)) -> 6.6766815 | F2: =IF(VLOOKUP($B2, 'neighbourhood-crime-rates - 432'!$B$2:$N$165, COLUMN(E1), FALSE) = 0, NA(), VLOOKUP($B2, 'neighbourhood-crime-rates - 432'!$B$2:$N$165, COLUMN(E1), FALSE)) -> #N/A | G2: =IF(VLOOKUP($B2, 'neighbourhood-crime-rates - 432'!$B$2:$N$165, COLUMN(F1), FALSE) = 0, NA(), VLOOKUP($B2, 'neighbourhood-crime-rates - 432'!$B$2:$N$165, COLUMN(F1), FALSE)) -> 3.3395672 | H2: =IF(VLOOKUP($B2, 'neighbourhood-crime-rates - 432'!$B$2:$N$165, COLUMN(G1), FALSE) = 0, NA(), VLOOKUP($B2, 'neighbourhood-crime-rates - 432'!$B$2:$N$165, COLUMN(G1), FALSE)) -> 3.348289 | I2: =IF(VLOOKUP($B2, 'neighbourhood-crime-rates - 432'!$B$2:$N$165, COLUMN(H1), FALSE) = 0, NA(), VLOOKUP($B2, 'neighbourhood-crime-rates - 432'!$B$2:$N$165, COLUMN(H1), FALSE)) -> 3.3796344 | J2: =IF(VLOOKUP($B2, 'neighbourhood-crime-rates - 432'!$B$2:$N$165, COLUMN(I1), FALSE) = 0, NA(), VLOOKUP($B2, 'neighbourhood-crime-rates - 432'!$B$2:$N$165, COLUMN(I1), FALSE)) -> 6.8415833 | ... N2: =IF(VLOOKUP($B2, 'neighbourhood-crime-rates - 432'!$B$2:$N$165, COLUMN(M1), FALSE) = 0, NA(), VLOOKUP($B2, 'neighbourhood-crime-rates - 432'!$B$2:$N$165, COLUMN(M1), FALSE)) -> 16.681124
A3: 2 | B3: Alderwood | C3: =IF(VLOOKUP($B3, 'neighbourhood-crime-rates - 432'!$B$2:$N$165, COLUMN(B2), FALSE) = 0, NA(), VLOOKUP($B3, 'neighbourhood-crime-rates - 432'!$B$2:$N$165, COLUMN(B2), FALSE)) -> 40.342102 | D3: =IF(VLOOKUP($B3, 'neighbourhood-crime-rates - 432'!$B$2:$N$165, COLUMN(C2), FALSE) = 0, NA(), VLOOKUP($B3, 'neighbourhood-crime-rates - 432'!$B$2:$N$165, COLUMN(C2), FALSE)) -> 16.165535 | E3: =IF(VLOOKUP($B3, 'neighbourhood-crime-rates - 432'!$B$2:$N$165, COLUMN(D2), FALSE) = 0, NA(), VLOOKUP($B3, 'neighbourhood-crime-rates - 432'!$B$2:$N$165, COLUMN(D2), FALSE)) -> 24.1507 | F3: =IF(VLOOKUP($B3, 'neighbourhood-crime-rates - 432'!$B$2:$N$165, COLUMN(E2), FALSE) = 0, NA(), VLOOKUP($B3, 'neighbourhood-crime-rates - 432'!$B$2:$N$165, COLUMN(E2), FALSE)) -> 31.675642 | G3: =IF(VLOOKUP($B3, 'neighbourhood-crime-rates - 432'!$B$2:$N$165, COLUMN(F2), FALSE) = 0, NA(), VLOOKUP($B3, 'neighbourhood-crime-rates - 432'!$B$2:$N$165, COLUMN(F2), FALSE)) -> 69.924637 | H3: =IF(VLOOKUP($B3, 'neighbourhood-crime-rates - 432'!$B$2:$N$165, COLUMN(G2), FALSE) = 0, NA(), VLOOKUP($B3, 'neighbourhood-crime-rates - 432'!$B$2:$N$165, COLUMN(G2), FALSE)) -> 38.293636 | I3: =IF(VLOOKUP($B3, 'neighbourhood-crime-rates - 432'!$B$2:$N$165, COLUMN(H2), FALSE) = 0, NA(), VLOOKUP($B3, 'neighbourhood-crime-rates - 432'!$B$2:$N$165, COLUMN(H2), FALSE)) -> 60.947739 | J3: =IF(VLOOKUP($B3, 'neighbourhood-crime-rates - 432'!$B$2:$N$165, COLUMN(I2), FALSE) = 0, NA(), VLOOKUP($B3, 'neighbourhood-crime-rates - 432'!$B$2:$N$165, COLUMN(I2), FALSE)) -> #N/A | ... N3: =IF(VLOOKUP($B3, 'neighbourhood-crime-rates - 432'!$B$2:$N$165, COLUMN(M2), FALSE) = 0, NA(), VLOOKUP($B3, 'neighbourhood-crime-rates - 432'!$B$2:$N$165, COLUMN(M2), FALSE)) -> 6.9603953
A4: 3 | B4: St Lawrence-East Bayfront-The Islands | C4: =IF(VLOOKUP($B4, 'neighbourhood-crime-rates - 432'!$B$2:$N$165, COLUMN(B3), FALSE) = 0, NA(), VLOOKUP($B4, 'neighbourhood-crime-rates - 432'!$B$2:$N$165, COLUMN(B3), FALSE)) -> 549.69409 | D4: =IF(VLOOKUP($B4, 'neighbourhood-crime-rates - 432'!$B$2:$N$165, COLUMN(C3), FALSE) = 0, NA(), VLOOKUP($B4, 'neighbourhood-crime-rates - 432'!$B$2:$N$165, COLUMN(C3), FALSE)) -> 420.2041 | E4: =IF(VLOOKUP($B4, 'neighbourhood-crime-rates - 432'!$B$2:$N$165, COLUMN(D3), FALSE) = 0, NA(), VLOOKUP($B4, 'neighbourhood-crime-rates - 432'!$B$2:$N$165, COLUMN(D3), FALSE)) -> 533.5686 | F4: =IF(VLOOKUP($B4, 'neighbourhood-crime-rates - 432'!$B$2:$N$165, COLUMN(E3), FALSE) = 0, NA(), VLOOKUP($B4, 'neighbourhood-crime-rates - 432'!$B$2:$N$165, COLUMN(E3), FALSE)) -> 460.54413 | G4: =IF(VLOOKUP($B4, 'neighbourhood-crime-rates - 432'!$B$2:$N$165, COLUMN(F3), FALSE) = 0, NA(), VLOOKUP($B4, 'neighbourhood-crime-rates - 432'!$B$2:$N$165, COLUMN(F3), FALSE)) -> 540.96655 | H4: =IF(VLOOKUP($B4, 'neighbourhood-crime-rates - 432'!$B$2:$N$165, COLUMN(G3), FALSE) = 0, NA(), VLOOKUP($B4, 'neighbourhood-crime-rates - 432'!$B$2:$N$165, COLUMN(G3), FALSE)) -> 482.13748 | I4: =IF(VLOOKUP($B4, 'neighbourhood-crime-rates - 432'!$B$2:$N$165, COLUMN(H3), FALSE) = 0, NA(), VLOOKUP($B4, 'neighbourhood-crime-rates - 432'!$B$2:$N$165, COLUMN(H3), FALSE)) -> 405.21716 | J4: =IF(VLOOKUP($B4, 'neighbourhood-crime-rates - 432'!$B$2:$N$165, COLUMN(I3), FALSE) = 0, NA(), VLOOKUP($B4, 'neighbourhood-crime-rates - 432'!$B$2:$N$165, COLUMN(I3), FALSE)) -> 395.1973 | ... N4: =IF(VLOOKUP($B4, 'neighbourhood-crime-rates - 432'!$B$2:$N$165, COLUMN(M3), FALSE) = 0, NA(), VLOOKUP($B4, 'neighbourhood-crime-rates - 432'!$B$2:$N$165, COLUMN(M3), FALSE)) -> 275.56232
A5: 4 | B5: Avondale | C5: =IF(VLOOKUP($B5, 'neighbourhood-crime-rates - 432'!$B$2:$N$165, COLUMN(B4), FALSE) = 0, NA(), VLOOKUP($B5, 'neighbourhood-crime-rates - 432'!$B$2:$N$165, COLUMN(B4), FALSE)) -> 23.375408 | D5: =IF(VLOOKUP($B5, 'neighbourhood-crime-rates - 432'!$B$2:$N$165, COLUMN(C4), FALSE) = 0, NA(), VLOOKUP($B5, 'neighbourhood-crime-rates - 432'!$B$2:$N$165, COLUMN(C4), FALSE)) -> 51.698669 | E5: =IF(VLOOKUP($B5, 'neighbourhood-crime-rates - 432'!$B$2:$N$165, COLUMN(D4), FALSE) = 0, NA(), VLOOKUP($B5, 'neighbourhood-crime-rates - 432'!$B$2:$N$165, COLUMN(D4), FALSE)) -> 98.17672 | F5: =IF(VLOOKUP($B5, 'neighbourhood-crime-rates - 432'!$B$2:$N$165, COLUMN(E4), FALSE) = 0, NA(), VLOOKUP($B5, 'neighbourhood-crime-rates - 432'!$B$2:$N$165, COLUMN(E4), FALSE)) -> 138.85995 | G5: =IF(VLOOKUP($B5, 'neighbourhood-crime-rates - 432'!$B$2:$N$165, COLUMN(F4), FALSE) = 0, NA(), VLOOKUP($B5, 'neighbourhood-crime-rates - 432'!$B$2:$N$165, COLUMN(F4), FALSE)) -> 41.152264 | H5: =IF(VLOOKUP($B5, 'neighbourhood-crime-rates - 432'!$B$2:$N$165, COLUMN(G4), FALSE) = 0, NA(), VLOOKUP($B5, 'neighbourhood-crime-rates - 432'!$B$2:$N$165, COLUMN(G4), FALSE)) -> 81.660431 | I5: =IF(VLOOKUP($B5, 'neighbourhood-crime-rates - 432'!$B$2:$N$165, COLUMN(H4), FALSE) = 0, NA(), VLOOKUP($B5, 'neighbourhood-crime-rates - 432'!$B$2:$N$165, COLUMN(H4), FALSE)) -> 251.94063 | J5: =IF(VLOOKUP($B5, 'neighbourhood-crime-rates - 432'!$B$2:$N$165, COLUMN(I4), FALSE) = 0, NA(), VLOOKUP($B5, 'neighbourhood-crime-rates - 432'!$B$2:$N$165, COLUMN(I4), FALSE)) -> 136.87381 | ... N5: =IF(VLOOKUP($B5, 'neighbourhood-crime-rates - 432'!$B$2:$N$165, COLUMN(M4), FALSE) = 0, NA(), VLOOKUP($B5, 'neighbourhood-crime-rates - 432'!$B$2:$N$165, COLUMN(M4), FALSE)) -> 66.557755
A6: 5 | B6: Bayview Village | C6: =IF(VLOOKUP($B6, 'neighbourhood-crime-rates - 432'!$B$2:$N$165, COLUMN(B5), FALSE) = 0, NA(), VLOOKUP($B6, 'neighbourhood-crime-rates - 432'!$B$2:$N$165, COLUMN(B5), FALSE)) -> 38.969261 | D6: =IF(VLOOKUP($B6, 'neighbourhood-crime-rates - 432'!$B$2:$N$165, COLUMN(C5), FALSE) = 0, NA(), VLOOKUP($B6, 'neighbourhood-crime-rates - 432'!$B$2:$N$165, COLUMN(C5), FALSE)) -> 51.977509 | E6: =IF(VLOOKUP($B6, 'neighbourhood-crime-rates - 432'!$B$2:$N$165, COLUMN(D5), FALSE) = 0, NA(), VLOOKUP($B6, 'neighbourhood-crime-rates - 432'!$B$2:$N$165, COLUMN(D5), FALSE)) -> 112.92799 | F6: =IF(VLOOKUP($B6, 'neighbourhood-crime-rates - 432'!$B$2:$N$165, COLUMN(E5), FALSE) = 0, NA(), VLOOKUP($B6, 'neighbourhood-crime-rates - 432'!$B$2:$N$165, COLUMN(E5), FALSE)) -> 53.1185 | G6: =IF(VLOOKUP($B6, 'neighbourhood-crime-rates - 432'!$B$2:$N$165, COLUMN(F5), FALSE) = 0, NA(), VLOOKUP($B6, 'neighbourhood-crime-rates - 432'!$B$2:$N$165, COLUMN(F5), FALSE)) -> 64.977257 | H6: =IF(VLOOKUP($B6, 'neighbourhood-crime-rates - 432'!$B$2:$N$165, COLUMN(G5), FALSE) = 0, NA(), VLOOKUP($B6, 'neighbourhood-crime-rates - 432'!$B$2:$N$165, COLUMN(G5), FALSE)) -> 38.266933 | I6: =IF(VLOOKUP($B6, 'neighbourhood-crime-rates - 432'!$B$2:$N$165, COLUMN(H5), FALSE) = 0, NA(), VLOOKUP($B6, 'neighbourhood-crime-rates - 432'!$B$2:$N$165, COLUMN(H5), FALSE)) -> 193.77396 | J6: =IF(VLOOKUP($B6, 'neighbourhood-crime-rates - 432'!$B$2:$N$165, COLUMN(I5), FALSE) = 0, NA(), VLOOKUP($B6, 'neighbourhood-crime-rates - 432'!$B$2:$N$165, COLUMN(I5), FALSE)) -> 46.121593 | ... N6: =IF(VLOOKUP($B6, 'neighbourhood-crime-rates - 432'!$B$2:$N$165, COLUMN(M5), FALSE) = 0, NA(), VLOOKUP($B6, 'neighbourhood-crime-rates - 432'!$B$2:$N$165, COLUMN(M5), FALSE)) -> 23.30459
A7: 6 | B7: Bendale South | C7: =IF(VLOOKUP($B7, 'neighbourhood-crime-rates - 432'!$B$2:$N$165, COLUMN(B6), FALSE) = 0, NA(), VLOOKUP($B7, 'neighbourhood-crime-rates - 432'!$B$2:$N$165, COLUMN(B6), FALSE)) -> 37.271709 | D7: =IF(VLOOKUP($B7, 'neighbourhood-crime-rates - 432'!$B$2:$N$165, COLUMN(C6), FALSE) = 0, NA(), VLOOKUP($B7, 'neighbourhood-crime-rates - 432'!$B$2:$N$165, COLUMN(C6), FALSE)) -> 18.589088 | E7: =IF(VLOOKUP($B7, 'neighbourhood-crime-rates - 432'!$B$2:$N$165, COLUMN(D6), FALSE) = 0, NA(), VLOOKUP($B7, 'neighbourhood-crime-rates - 432'!$B$2:$N$165, COLUMN(D6), FALSE)) -> 63.42878 | F7: =IF(VLOOKUP($B7, 'neighbourhood-crime-rates - 432'!$B$2:$N$165, COLUMN(E6), FALSE) = 0, NA(), VLOOKUP($B7, 'neighbourhood-crime-rates - 432'!$B$2:$N$165, COLUMN(E6), FALSE)) -> 17.913122 | G7: =IF(VLOOKUP($B7, 'neighbourhood-crime-rates - 432'!$B$2:$N$165, COLUMN(F6), FALSE) = 0, NA(), VLOOKUP($B7, 'neighbourhood-crime-rates - 432'!$B$2:$N$165, COLUMN(F6), FALSE)) -> #N/A | H7: =IF(VLOOKUP($B7, 'neighbourhood-crime-rates - 432'!$B$2:$N$165, COLUMN(G6), FALSE) = 0, NA(), VLOOKUP($B7, 'neighbourhood-crime-rates - 432'!$B$2:$N$165, COLUMN(G6), FALSE)) -> 8.7374401 | I7: =IF(VLOOKUP($B7, 'neighbourhood-crime-rates - 432'!$B$2:$N$165, COLUMN(H6), FALSE) = 0, NA(), VLOOKUP($B7, 'neighbourhood-crime-rates - 432'!$B$2:$N$165, COLUMN(H6), FALSE)) -> #N/A | J7: =IF(VLOOKUP($B7, 'neighbourhood-crime-rates - 432'!$B$2:$N$165, COLUMN(I6), FALSE) = 0, NA(), VLOOKUP($B7, 'neighbourhood-crime-rates - 432'!$B$2:$N$165, COLUMN(I6), FALSE)) -> 26.483051 | ... N7: =IF(VLOOKUP($B7, 'neighbourhood-crime-rates - 432'!$B$2:$N$165, COLUMN(M6), FALSE) = 0, NA(), VLOOKUP($B7, 'neighbourhood-crime-rates - 432'!$B$2:$N$165, COLUMN(M6), FALSE)) -> 8.6662626
A8: 7 | B8: Pelmo Park-Humberlea | C8: =IF(VLOOKUP($B8, 'neighbourhood-crime-rates - 432'!$B$2:$N$165, COLUMN(B7), FALSE) = 0, NA(), VLOOKUP($B8, 'neighbourhood-crime-rates - 432'!$B$2:$N$165, COLUMN(B7), FALSE)) -> 29.694151 | D8: =IF(VLOOKUP($B8, 'neighbourhood-crime-rates - 432'!$B$2:$N$165, COLUMN(C7), FALSE) = 0, NA(), VLOOKUP($B8, 'neighbourhood-crime-rates - 432'!$B$2:$N$165, COLUMN(C7), FALSE)) -> 9.5219955 | E8: =IF(VLOOKUP($B8, 'neighbourhood-crime-rates - 432'!$B$2:$N$165, COLUMN(D7), FALSE) = 0, NA(), VLOOKUP($B8, 'neighbourhood-crime-rates - 432'!$B$2:$N$165, COLUMN(D7), FALSE)) -> 9.1491308 | F8: =IF(VLOOKUP($B8, 'neighbourhood-crime-rates - 432'!$B$2:$N$165, COLUMN(E7), FALSE) = 0, NA(), VLOOKUP($B8, 'neighbourhood-crime-rates - 432'!$B$2:$N$165, COLUMN(E7), FALSE)) -> #N/A | G8: =IF(VLOOKUP($B8, 'neighbourhood-crime-rates - 432'!$B$2:$N$165, COLUMN(F7), FALSE) = 0, NA(), VLOOKUP($B8, 'neighbourhood-crime-rates - 432'!$B$2:$N$165, COLUMN(F7), FALSE)) -> 35.014004 | H8: =IF(VLOOKUP($B8, 'neighbourhood-crime-rates - 432'!$B$2:$N$165, COLUMN(G7), FALSE) = 0, NA(), VLOOKUP($B8, 'neighbourhood-crime-rates - 432'!$B$2:$N$165, COLUMN(G7), FALSE)) -> 8.5873766 | I8: =IF(VLOOKUP($B8, 'neighbourhood-crime-rates - 432'!$B$2:$N$165, COLUMN(H7), FALSE) = 0, NA(), VLOOKUP($B8, 'neighbourhood-crime-rates - 432'!$B$2:$N$165, COLUMN(H7), FALSE)) -> 42.553192 | J8: =IF(VLOOKUP($B8, 'neighbourhood-crime-rates - 432'!$B$2:$N$165, COLUMN(I7), FALSE) = 0, NA(), VLOOKUP($B8, 'neighbourhood-crime-rates - 432'!$B$2:$N$165, COLUMN(I7), FALSE)) -> 25.436663 | ... N8: =IF(VLOOKUP($B8, 'neighbourhood-crime-rates - 432'!$B$2:$N$165, COLUMN(M7), FALSE) = 0, NA(), VLOOKUP($B8, 'neighbourhood-crime-rates - 432'!$B$2:$N$165, COLUMN(M7), FALSE)) -> 39.522568
A9: 8 | B9: York University Heights | C9: =IF(VLOOKUP($B9, 'neighbourhood-crime-rates - 432'!$B$2:$N$165, COLUMN(B8), FALSE) = 0, NA(), VLOOKUP($B9, 'neighbourhood-crime-rates - 432'!$B$2:$N$165, COLUMN(B8), FALSE)) -> 52.045383 | D9: =IF(VLOOKUP($B9, 'neighbourhood-crime-rates - 432'!$B$2:$N$165, COLUMN(C8), FALSE) = 0, NA(), VLOOKUP($B9, 'neighbourhood-crime-rates - 432'!$B$2:$N$165, COLUMN(C8), FALSE)) -> 94.201378 | E9: =IF(VLOOKUP($B9, 'neighbourhood-crime-rates - 432'!$B$2:$N$165, COLUMN(D8), FALSE) = 0, NA(), VLOOKUP($B9, 'neighbourhood-crime-rates - 432'!$B$2:$N$165, COLUMN(D8), FALSE)) -> 87.440102 | F9: =IF(VLOOKUP($B9, 'neighbourhood-crime-rates - 432'!$B$2:$N$165, COLUMN(E8), FALSE) = 0, NA(), VLOOKUP($B9, 'neighbourhood-crime-rates - 432'!$B$2:$N$165, COLUMN(E8), FALSE)) -> 110.13974 | G9: =IF(VLOOKUP($B9, 'neighbourhood-crime-rates - 432'!$B$2:$N$165, COLUMN(F8), FALSE) = 0, NA(), VLOOKUP($B9, 'neighbourhood-crime-rates - 432'!$B$2:$N$165, COLUMN(F8), FALSE)) -> 125.12682 | H9: =IF(VLOOKUP($B9, 'neighbourhood-crime-rates - 432'!$B$2:$N$165, COLUMN(G8), FALSE) = 0, NA(), VLOOKUP($B9, 'neighbourhood-crime-rates - 432'!$B$2:$N$165, COLUMN(G8), FALSE)) -> 60.060059 | I9: =IF(VLOOKUP($B9, 'neighbourhood-crime-rates - 432'!$B$2:$N$165, COLUMN(H8), FALSE) = 0, NA(), VLOOKUP($B9, 'neighbourhood-crime-rates - 432'!$B$2:$N$165, COLUMN(H8), FALSE)) -> 129.61548 | J9: =IF(VLOOKUP($B9, 'neighbourhood-crime-rates - 432'!$B$2:$N$165, COLUMN(I8), FALSE) = 0, NA(), VLOOKUP($B9, 'neighbourhood-crime-rates - 432'!$B$2:$N$165, COLUMN(I8), FALSE)) -> 59.898174 | ... N9: =IF(VLOOKUP($B9, 'neighbourhood-crime-rates - 432'!$B$2:$N$165, COLUMN(M8), FALSE) = 0, NA(), VLOOKUP($B9, 'neighbourhood-crime-rates - 432'!$B$2:$N$165, COLUMN(M8), FALSE)) -> 53.584187
A10: 9 | B10: Mount Pleasant East | C10: =IF(VLOOKUP($B10, 'neighbourhood-crime-rates - 432'!$B$2:$N$165, COLUMN(B9), FALSE) = 0, NA(), VLOOKUP($B10, 'neighbourhood-crime-rates - 432'!$B$2:$N$165, COLUMN(B9), FALSE)) -> 46.819218 | D10: =IF(VLOOKUP($B10, 'neighbourhood-crime-rates - 432'!$B$2:$N$165, COLUMN(C9), FALSE) = 0, NA(), VLOOKUP($B10, 'neighbourhood-crime-rates - 432'!$B$2:$N$165, COLUMN(C9), FALSE)) -> 221.26471 | E10: =IF(VLOOKUP($B10, 'neighbourhood-crime-rates - 432'!$B$2:$N$165, COLUMN(D9), FALSE) = 0, NA(), VLOOKUP($B10, 'neighbourhood-crime-rates - 432'!$B$2:$N$165, COLUMN(D9), FALSE)) -> 115.93531 | F10: =IF(VLOOKUP($B10, 'neighbourhood-crime-rates - 432'!$B$2:$N$165, COLUMN(E9), FALSE) = 0, NA(), VLOOKUP($B10, 'neighbourhood-crime-rates - 432'!$B$2:$N$165, COLUMN(E9), FALSE)) -> 63.591167 | G10: =IF(VLOOKUP($B10, 'neighbourhood-crime-rates - 432'!$B$2:$N$165, COLUMN(F9), FALSE) = 0, NA(), VLOOKUP($B10, 'neighbourhood-crime-rates - 432'!$B$2:$N$165, COLUMN(F9), FALSE)) -> 138.01828 | H10: =IF(VLOOKUP($B10, 'neighbourhood-crime-rates - 432'!$B$2:$N$165, COLUMN(G9), FALSE) = 0, NA(), VLOOKUP($B10, 'neighbourhood-crime-rates - 432'!$B$2:$N$165, COLUMN(G9), FALSE)) -> 109.18285 | I10: =IF(VLOOKUP($B10, 'neighbourhood-crime-rates - 432'!$B$2:$N$165, COLUMN(H9), FALSE) = 0, NA(), VLOOKUP($B10, 'neighbourhood-crime-rates - 432'!$B$2:$N$165, COLUMN(H9), FALSE)) -> 208.50226 | J10: =IF(VLOOKUP($B10, 'neighbourhood-crime-rates - 432'!$B$2:$N$165, COLUMN(I9), FALSE) = 0, NA(), VLOOKUP($B10, 'neighbourhood-crime-rates - 432'!$B$2:$N$165, COLUMN(I9), FALSE)) -> 134.83409 | ... N10: =IF(VLOOKUP($B10, 'neighbourhood-crime-rates - 432'!$B$2:$N$165, COLUMN(M9), FALSE) = 0, NA(), VLOOKUP($B10, 'neighbourhood-crime-rates - 432'!$B$2:$N$165, COLUMN(M9), FALSE)) -> 30.595074
A11: 10 | B11: Wychwood | C11: =IF(VLOOKUP($B11, 'neighbourhood-crime-rates - 432'!$B$2:$N$165, COLUMN(B10), FALSE) = 0, NA(), VLOOKUP($B11, 'neighbourhood-crime-rates - 432'!$B$2:$N$165, COLUMN(B10), FALSE)) -> 80.9002 | D11: =IF(VLOOKUP($B11, 'neighbourhood-crime-rates - 432'!$B$2:$N$165, COLUMN(C10), FALSE) = 0, NA(), VLOOKUP($B11, 'neighbourhood-crime-rates - 432'!$B$2:$N$165, COLUMN(C10), FALSE)) -> 264.49194 | E11: =IF(VLOOKUP($B11, 'neighbourhood-crime-rates - 432'!$B$2:$N$165, COLUMN(D10), FALSE) = 0, NA(), VLOOKUP($B11, 'neighbourhood-crime-rates - 432'!$B$2:$N$165, COLUMN(D10), FALSE)) -> 236.07176 | F11: =IF(VLOOKUP($B11, 'neighbourhood-crime-rates - 432'!$B$2:$N$165, COLUMN(E10), FALSE) = 0, NA(), VLOOKUP($B11, 'neighbourhood-crime-rates - 432'!$B$2:$N$165, COLUMN(E10), FALSE)) -> 134.81631 | G11: =IF(VLOOKUP($B11, 'neighbourhood-crime-rates - 432'!$B$2:$N$165, COLUMN(F10), FALSE) = 0, NA(), VLOOKUP($B11, 'neighbourhood-crime-rates - 432'!$B$2:$N$165, COLUMN(F10), FALSE)) -> 94.174629 | H11: =IF(VLOOKUP($B11, 'neighbourhood-crime-rates - 432'!$B$2:$N$165, COLUMN(G10), FALSE) = 0, NA(), VLOOKUP($B11, 'neighbourhood-crime-rates - 432'!$B$2:$N$165, COLUMN(G10), FALSE)) -> 148.18806 | I11: =IF(VLOOKUP($B11, 'neighbourhood-crime-rates - 432'!$B$2:$N$165, COLUMN(H10), FALSE) = 0, NA(), VLOOKUP($B11, 'neighbourhood-crime-rates - 432'!$B$2:$N$165, COLUMN(H10), FALSE)) -> 136.0822 | J11: =IF(VLOOKUP($B11, 'neighbourhood-crime-rates - 432'!$B$2:$N$165, COLUMN(I10), FALSE) = 0, NA(), VLOOKUP($B11, 'neighbourhood-crime-rates - 432'!$B$2:$N$165, COLUMN(I10), FALSE)) -> 89.772804 | ... N11: =IF(VLOOKUP($B11, 'neighbourhood-crime-rates - 432'!$B$2:$N$165, COLUMN(M10), FALSE) = 0, NA(), VLOOKUP($B11, 'neighbourhood-crime-rates - 432'!$B$2:$N$165, COLUMN(M10), FALSE)) -> 65.040649

Sheet neighbourhood-crime-rates - 432
A1: _id | B1: AREA_NAME | C1: BIKETHEFT_RATE_2014 | D1: BIKETHEFT_RATE_2015 | E1: BIKETHEFT_RATE_2016 | F1: BIKETHEFT_RATE_2017 | G1: BIKETHEFT_RATE_2018 | H1: BIKETHEFT_RATE_2019 | I1: BIKETHEFT_RATE_2020 | J1: BIKETHEFT_RATE_2021 | K1: BIKETHEFT_RATE_2022 | L1: BIKETHEFT_RATE_2023 | M1: BIKETHEFT_RATE_2024 | N1: BIKETHEFT_RATE_2025
A2: 31 | B2: Agincourt North | C2: 13.206551 | D2: 23.388687 | E2: 6.6766815 | G2: 3.3395672 | H2: 3.348289 | I2: 3.3796344 | J2: 6.8415833 | L2: 13.359608 | M2: 16.504374 | N2: 16.681124
A3: 32 | B3: Agincourt South-Malvern West | C3: 4.2285085 | D3: 20.914377 | E3: 12.234411 | F3: 28.145229 | G3: 23.725731 | H3: 11.721955 | I3: 19.433325 | J3: 38.773216 | K3: 22.732439 | L3: 43.742939 | M3: 28.290545 | N3: 14.046423
A4: 137 | B4: Alderwood | C4: 40.342102 | D4: 16.165535 | E4: 24.1507 | F4: 31.675642 | G4: 69.924637 | H4: 38.293636 | I4: 60.947739 | K4: 89.159668 | L4: 14.355441 | M4: 13.969407 | N4: 6.9603953
A5: 63 | B5: Annex | C5: 346.7265 | D5: 388.9603 | E5: 404.19351 | F5: 447.3783 | G5: 411.5481 | H5: 467.04562 | I5: 519.71216 | J5: 380.00494 | K5: 242.55331 | L5: 226.20012 | M5: 266.16272 | N5: 210.46068
A6: 10 | B6: Avondale | C6: 23.375408 | D6: 51.698669 | E6: 98.17672 | F6: 138.85995 | G6: 41.152264 | H6: 81.660431 | I6: 251.94063 | J6: 136.87381 | K6: 179.24716 | L6: 57.146484 | M6: 49.019608 | N6: 66.557755
A7: 111 | B7: Banbury-Don Mills | C7: 10.862874 | D7: 43.410629 | E7: 14.07311 | F7: 34.957703 | G7: 45.055973 | H7: 6.9003587 | I7: 20.769152 | J7: 41.843922 | K7: 27.037989 | L7: 45.19482 | M7: 3.1115813 | N7: 12.271068
A8: 119 | B8: Bathurst Manor | C8: 18.79817 | D8: 31.296946 | E8: 24.464832 | F8: 42.311413 | G8: 53.657665 | H8: 29.514196 | I8: 70.80899 | J8: 29.670069 | K8: 46.876831 | L8: 28.597574 | M8: 11.255557 | N8: 22.677023
A9: 6 | B9: Bay-Cloverhill | C9: 542.70209 | D9: 589.16217 | E9: 631.42822 | F9: 618.73529 | G9: 588.61615 | H9: 372.12448 | I9: 322.17551 | J9: 314.49893 | K9: 335.13406 | L9: 259.0314 | M9: 190.45146 | N9: 236.62253
A10: 133 | B10: Bayview Village | C10: 38.969261 | D10: 51.977509 | E10: 112.92799 | F10: 53.1185 | G10: 64.977257 | H10: 38.266933 | I10: 193.77396 | J10: 46.121593 | K10: 27.648314 | L10: 62.467846 | M10: 27.654867 | N10: 23.30459
A11: 135 | B11: Bayview Woods-Steeles | C11: 15.133172 | D11: 22.914757 | E11: 7.4150972 | F11: 14.862153 | G11: 7.4272132 | H11: 14.905351 | I11: 22.593763 | J11: 7.6161461 | L11: 21.899408 | N11: 21.440823
A12: 114 | B12: Bedford Park-Nortown | C12: 46.685341 | D12: 38.319069 | E12: 83.889099 | F12: 46.14481 | G12: 83.657509 | H12: 83.846893 | I12: 33.881077 | J12: 12.881618 | K12: 25.259968 | L12: 28.510916 | M12: 7.9481778 | N12: 19.837334
A13: 76 | B13: Beechborough-Greenbrook | C13: 15.051174 | D13: 75.688766 | E13: 14.753614 | G13: 14.630578 | H13: 14.632719 | L13: 40.09623 | N13: 37.087402
A14: 49 | B14: Bendale South | C14: 37.271709 | D14: 18.589088 | E14: 63.42878 | F14: 17.913122 | H14: 8.7374401 | J14: 26.483051 | K14: 26.31579 | L14: 17.202822 | N14: 8.6662626
A15: 7 | B15: Bendale-Glen Andrew | C15: 53.645191 | D15: 37.005711 | E15: 20.119713 | F15: 114.78191 | G15: 9.8911972 | H15: 14.73767 | I15: 4.9295082 | J15: 19.871826 | K15: 29.639875 | L15: 48.44257 | M15: 67.004883 | N15: 58.117008
A16: 37 | B16: Birchcliffe-Cliffside | C16: 44.861156 | D16: 80.818962 | E16: 95.944176 | F16: 72.977036 | G16: 33.756699 | H16: 20.828127 | I16: 58.0359 | J16: 45.590187 | K16: 24.417044 | L16: 23.679848 | M16: 30.858246 | N16: 15.44163
A17: 155 | B17: Black Creek | C17: 40.067669 | D17: 40.342464 | E17: 17.851564 | F17: 8.8900738 | G17: 48.558689 | H17: 30.871004 | I17: 13.30318 | J17: 31.350771 | K17: 13.314988 | L17: 21.669411 | M17: 29.880053 | N17: 34.405643
A18: 87 | B18: Blake-Jones | C18: 150 | D18: 188.56065 | E18: 137.91374 | F18: 200.32553 | G18: 74.729111 | H18: 224.38295 | I18: 251.00401 | J18: 240.96385 | K18: 75.481194 | L18: 135.26808 | M18: 157.36594 | N18: 36.607689
A19: 51 | B19: Briar Hill-Belgravia | C19: 155.75269 | D19: 74.860489 | E19: 47.554348 | F19: 46.957806 | G19: 85.916328 | H19: 19.607843 | I19: 84.607872 | J19: 6.5074511 | K19: 32.057446 | L19: 31.154589 | M19: 54.931641 | N19: 30.558611
A20: 112 | B20: Bridle Path-Sunnybrook-York Mills | C20: 32.733223 | D20: 64.913986 | E20: 61.019016 | F20: 60.599941 | G20: 29.892387 | H20: 59.072559 | I20: 107.61104 | J20: 9.778039 | K20: 28.344671 | L20: 72.163086 | M20: 34.788658
A21: 128 | B21: Broadview North | C21: 33.456005 | D21: 75.636604 | E21: 132.78009 | F21: 82.925613 | G21: 8.2637796 | H21: 107.38477 | I21: 292.05606 | J21: 84.695518 | K21: 200.95453 | L21: 89.803246 | M21: 64.344887 | N21: 56.703117
A22: 549236169 | B22: 43.7997900211687] | C22: 43.7997196936734] | D22: [-79.1773311231562 | E22: 43.7993810146754] | F22: [-79.1785137372614 | G22: 43.7992173944364] | H22: [-79.1821057434514 | I22: 43.7987202832209] | J22: [-79.1874141346036 | K22: 43.7979405039558] | L22: [-79.1874848715424 | M22: 43.7981047514415] | N22: [-79.1883188018751 | O22: [-79.1470577866902 | P22: 43.8115537586616] | Q22: [-79.1466753864502 | R22: 43.8113507539368] | S22: [-79.1463517423179 | T22: 43.8111080018763] | U22: [-79.1461315077496 | V22: 43.8108455854488] | W22: [-79.146135853799 | X22: 43.8105936313253] | Y22: [-79.1464075941724 | Z22: 43.8104899061737] | AA22: [-79.1463367916566 | AB22: 43.8102671538783] | AC22: [-79.1460989662784 | AD22: 43.8100753330816] | AE22: [-79.1456899354818 | AF22: 43.8100290687709]]]] | AG22: ""type"": ""MultiPolygon""}"
A23: 123 | B23: Brookhaven-Amesbury | C23: 10.864841 | D23: 32.758244 | E23: 21.841215 | F23: 38.039345 | G23: 32.374683 | H23: 21.494976 | I23: 5.3934522 | J23: 38.008362 | K23: 21.53548 | L23: 26.313019 | M23: 10.358937 | N23: 10.442228
A24: 85 | B24: Cabbagetown-South St.James Town | C24: 560.05511 | D24: 617.92865 | E24: 538.21313 | F24: 413.94156 | G24: 727.15253 | H24: 488.85574 | I24: 410.07617 | J24: 322.55325 | K24: 297.96393 | L24: 246.54048 | M24: 215.86617 | N24: 160.63643
A25: 50 | B25: Caledonia-Fairbank | C25: 29.265438 | D25: 9.7770824 | E25: 48.638134 | F25: 28.904518 | G25: 28.549677 | I25: 37.775051 | J25: 28.481915 | K25: 18.898233 | L25: 83.666451 | M25: 46.099945 | N25: 18.723085
A26: 62 | B26: Casa Loma | C26: 163.81506 | D26: 172.21065 | E26: 132.74336 | F26: 95.768761 | G26: 145.51057 | H26: 160.35109 | I26: 201.22411 | J26: 150.61501 | K26: 48.646019 | L26: 69.632492 | M26: 44.696068 | N26: 80.69841
A27: 29 | B27: Centennial Scarborough | C27: 7.315289 | D27: 14.62309 | E27: 43.68084 | F27: 28.874613 | G27: 42.823494 | H27: 21.241945 | I27: 21.26453 | M27: 13.518994 | N27: 6.8050356
A28: 39 | B28: Church-Wellesley | C28: 499.20581 | D28: 579.27838 | E28: 519.64581 | F28: 640.57654 | G28: 425.41122 | H28: 534.85547 | I28: 470.84235 | J28: 413.91422 | K28: 346.82538 | L28: 374.20206 | M28: 224.30035 | N28: 222.97658
A29: 69 | B29: Clairlea-Birchmount | C29: 98.477386 | D29: 74.808304 | E29: 28.742859 | F29: 60.287964 | G29: 34.906452 | H29: 20.712511 | I29: 13.764625 | J29: 41.375031 | K29: 17.015484 | L29: 26.504108 | M29: 29.274004 | N29: 6.5353069
A30: 120 | B30: Clanton Park | C30: 36.875423 | D30: 30.149542 | E30: 5.8833914 | F30: 28.758772 | G30: 61.697235 | H30: 49.428822 | I30: 59.678818 | J30: 64.505722 | K30: 78.210541 | L30: 44.903458 | M30: 48.104675 | N30: 85.482262
A31: 36 | B31: Cliffcrest | C31: 36.986809 | D31: 12.335019 | E31: 42.735043 | F31: 54.305195 | G31: 5.9541531 | H31: 23.580734 | I31: 29.477655 | J31: 11.846937 | K31: 17.473352 | L31: 16.964487 | M31: 5.533422 | N31: 16.626947
A32: 65 | B32: Corso Italia-Davenport | C32: 90.227654 | D32: 55.4785 | E32: 61.496414 | F32: 82.468559 | G32: 34.458992 | H32: 76.357071 | I32: 112.7634 | J32: 86.206894 | K32: 64.382286 | L32: 126.44001 | M32: 55.74913 | N32: 70.56665
A33: 90 | B33: Danforth | C33: 101.23507 | D33: 111.36985 | E33: 280.89886 | F33: 100.24058 | G33: 239.71234 | H33: 279.74823 | I33: 402.53598 | J33: 672.37164 | K33: 322.22333 | L33: 128.06621 | M33: 154.96368 | N33: 39.043434
A34: 97 | B34: Danforth East York | C34: 28.564899 | D34: 22.829746 | E34: 113.00712 | F34: 44.890858 | G34: 50.091835 | H34: 66.504105 | I34: 116.79644 | J34: 123.11825 | K34: 72.15007 | L34: 21.788866 | M34: 26.877386 | N34: 27.159153
A35: 107 | B35: Don Valley Village | C35: 25.261639 | D35: 25.306389 | E35: 7.1689725 | F35: 14.219694 | G35: 28.162073 | H35: 17.5021 | I35: 21.045248 | J35: 59.97319 | K35: 13.806911 | L35: 23.30304 | M35: 22.649324 | N35: 12.875813
A36: 33 | B36: Dorset Park | C36: 19.988007 | D36: 15.982738 | E36: 11.642799 | F36: 15.41604 | G36: 7.6367941 | H36: 3.8035829 | I36: 11.441648 | J36: 30.725506 | K36: 56.895767 | L36: 55.377117 | M36: 72.411293 | N36: 29.058153
A37: 3 | B37: Dovercourt Village | C37: 213.36079 | D37: 259.22086 | E37: 406.62427 | F37: 348.19974 | G37: 222.43642 | H37: 200.98257 | I37: 241.09094 | J37: 206.32738 | K37: 152.77672 | L37: 286.40338 | M37: 254.64349 | N37: 175.18471
A38: 8 | B38: Downsview | C38: 44.365574 | D38: 25.351755 | E38: 56.739376 | F38: 24.161884 | G38: 52.059231 | H38: 44.508736 | I38: 26.996382 | J38: 31.670626 | K38: 20.081329 | L38: 37.680748 | M38: 35.728642 | N38: 34.699631
A39: 87953920577] | B39: [-79.2284396474537 | C39: [-79.2292202555879 | D39: 43.7084778834891] | E39: [-79.2292516633851 | F39: 43.7084499187685] | G39: [-79.2292821557991 | H39: 43.7084212949332] | I39: [-79.2293145122173 | J39: 43.7083866625417] | K39: [-79.2293330157155 | L39: 43.7083640231952] | M39: [-79.2293515434683 | N39: 43.7083360376418] | O39: 43.7084805608028] | P39: [-79.2318037241067 | Q39: 43.7084519837361] | R39: [-79.231873371389 | S39: 43.7085276225421] | T39: [-79.2318470875821 | U39: 43.7086424526674] | V39: [-79.2318396387517 | W39: 43.7086597996363] | X39: [-79.2317908728082 | Y39: 43.7086543378806] | Z39: [-79.2317720279502 | AA39: 43.7087174197969] | AB39: [-79.2317702861168 | AC39: 43.7087322848984] | AD39: [-79.2317317977985 | AE39: 43.7088402100226] | AF39: [-79.2317080319694 | AG39: 43.7089327867837] | AH39: [-79.231671201941 | AI39: 43.7090247926191] | AJ39: [-79.2316558308682 | AK39: 43.7090687720962] | AL39: [-79.2316303357821 | AM39: 43.7091176255898] | AN39: [-79.2315895567598 | AO39: 43.7091908992621] | AP39: [-79.2315521616911 | AQ39: 43.7092592929638] | AR39: [-79.2315164824047 | AS39: 43.7093215690476] | AT39: [-79.2314791816592 | AU39: 43.7093716190889] | AV39: [-79.2314419087614 | AW39: 43.7094155476622] | AX39: [-79.2313622749081 | AY39: 43.7095058501623] | AZ39: [-79.2313013403857 | BA39: 43.7095631799] | BB39: [-79.2312370901817 | BC39: 43.709607054437] | BD39: [-79.2311644488145 | BE39: 43.7096435633883] | BF39: [-79.2310910618457 | BG39: 43.7096687392531] | BH39: [-79.2309901037842 | BI39: 43.7096939209515] | BJ39: [-79.2309163574892 | BK39: 43.7097135948764] | BL39: [-79.230832076651 | BM39: 43.7097385733103] | BN39: [-79.2307425101256 | BO39: 43.7097635562793] | BP39: [-79.2306434600857 | BQ39: 43.7097946203665] | BR39: [-79.2305528335483 | BS39: 43.7098234091292] | BT39: [-79.2304632517515 | BU39: 43.7098544946138] | BV39: [-79.2303328307453 | BW39: 43.7098971059611] | BX39: [-79.2302777837813 | BY39: 43.7099279225787] | BZ39: [-79.2302578151309 | CA39: 43.709942312709] | CB39: [-79.2302361567494 | CC39: 43.7099627222598] | CD39: [-79.2302220073853 | CE39: 43.7099747137037] | CF39: [-79.2302136746127 | CG39: 43.7099843350386] | CH39: [-79.2302019956157 | CI39: 43.709998745285] | CJ39: [-79.2301853453419 | CK39: 43.7100119373588] | CL39: [-79.2301728371999 | CM39: 43.7100287488719] | CN39: [-79.2301611465248 | CO39: 43.7100455636272] | CP39: [-79.23015027152 | CQ39: 43.7100659978178] | CR39: [-79.2301435808678 | CS39: 43.7100804197329] | CT39: [-79.2301418614923 | CU39: 43.7100930442627] | CV39: [-79.2301409982113 | CW39: 43.7101026649293] | CX39: [-79.2301409416175 | CY39: 43.7101153024413] | CZ39: [-79.2301408374129 | DA39: 43.7101357528418] | DB39: [-79.2301385197595 | DC39: 43.710162742113] | DD39: [-79.230132107585 | DE39: 43.7101927826303] | DF39: [-79.2301242383431 | DG39: 43.7102097220132] | DH39: [-79.2301101249116 | DI39: 43.7102300321236] | DJ39: [-79.2300960213617 | DK39: 43.7102480916099] | DL39: [-79.2300880227624 | DM39: 43.7102606914295] | DN39: [-79.2300781511757 | DO39: 43.7102678335338] | DP39: [-79.2301720403943 | DQ39: 43.7103251502052] | DR39: [-79.2301724518227 | DS39: 43.7103249268321] | DT39: [-79.2302001675441 | DU39: 43.7103093835644] | DV39: [-79.2302251631669 | DW39: 43.7102947428767] | DX39: [-79.2302438984305 | DY39: 43.710286876111] | DZ39: [-79.2302703906465 | EA39: 43.7102869377984] | EB39: [-79.2302921774871 | EC39: 43.7102960357144] | ED39: [-79.2303108426821 | EE39: 43.7103039914386] | EF39: [-79.2303465785624 | EG39: 43.7103289468995] | EH39: [-79.2303993869247 | EI39: 43.7103686404244] | EJ39: [-79.230452195287 | EK39: 43.7104083436631] | EL39: [-79.2304910114904 | EM39: 43.7104412177742] | EN39: [-79.2305422846319 | EO39: 43.7104775236237] | EP39: [-79.2305873665844 | EQ39: 43.7105025004405] | ER39: [-79.2306386945231 | ES39: 43.7105263584369] | ET39: [-79.2306853691887 | EU39: 43.7105445606883] | EV39: [-79.2307398376376 | EW39: 43.7105627726742] | EX39: [-79.2307880942363 | EY39: 43.7105741919314] | EZ39: [-79.2308457094837 | FA39: 43.7105879007513] | FB39: [-79.2308955561005 | FC39: 43.7105936714155] | FD39: [-79.2309780879189 | FE39: 43.7106074302299] | FF39: [-79.2310482023252 | FG39: 43.7106121145506] | FH39: [-79.2311373250828 | FI39: 43.7106118911785] | FJ39: [-79.2311673629493 | FK39: 43.7106100360213] | FL39: [-79.2311971124566 | FM39: 43.7106033010924] | FN39: [-79.2312346728152 | FO39: 43.7105954499513] | FP39: [-79.2312847934182 | FQ39: 43.7105785470404] | FR39: [-79.2313208113695 | FS39: 43.710568424512] | FT39: [-79.2313881814226 | FU39: 43.7105402192129] | FV39: [-79.2314649649215 | FW39: 43.710507500348] | FX39: [-79.2315401646905 | FY39: 43.7104793229418] | FZ39: [-79.2315934482616 | GA39: 43.7104544876713] | GB39: [-79.2316359610324 | GC39: 43.7104265751707] | GD39: [-79.2317784176668 | GE39: 43.7103539542973] | GF39: [-79.2318442767535 | GG39: 43.7103166730633] | GH39: [-79.2318709522259 | GI39: 43.7102951766364] | GJ39: [-79.2319462373349 | GK39: 43.7102477104465] | GL39: [-79.2320372187069 | GM39: 43.7101866697243] | GN39: [-79.2321626711313 | GO39: 43.7101086888839] | GP39: [-79.2322865577921 | GQ39: 43.7100341156982] | GR39: [-79.2323728095341 | GS39: 43.7099704806275] | GT39: [-79.2324238176726 | GU39: 43.7099408425925] | GV39: [-79.2324834397563 | GW39: 43.7098967403797] | GX39: [-79.2325336852251 | GY39: 43.7098514822991] | GZ39: [-79.232583942372 | HA39: 43.7098039469271] | HB39: [-79.2326232185128 | HC39: 43.7097643348459] | HD39: [-79.2326829052753 | HE39: 43.7097054890747] | HF39: [-79.2327488793464 | HG39: 43.7096364413393] | HH39: [-79.2328274558826 | HI39: 43.7095515364248] | HJ39: [-79.232929596127 | HK39: 43.709441734661] | HL39: [-79.2329940529436 | HM39: 43.7093647444104] | HN39: [-79.2330015251301 | HO39: 43.7093587132381] | HP39: [-79.2330268549262 | HQ39: 43.7093412106272] | HR39: [-79.2330419861488 | HS39: 43.7093206151503] | HT39: [-79.233059646129 | HU39: 43.7092976034285] | HV39: [-79.2330806837746 | HW39: 43.7092685429841] | HX39: [-79.2330975182031 | HY39: 43.7092443150056] | HZ39: [-79.2331042923986 | IA39: 43.7092249149533] | IB39: [-79.2331076889287 | IC39: 43.7092115830956] | ID39: [-79.2331077455226 | IE39: 43.7091988376004] | IF39: [-79.2331044810448 | IG39: 43.7091824472845] | IH39: [-79.2330978604612 | II39: 43.7091672654103] | IJ39: [-79.2330870681014 | IK39: 43.7091496419638] | IL39: [-79.2330611022981 | IM39: 43.709156864071] | IN39: [-79.2330494843865 | IO39: 43.709138032824] | IP39: [-79.233044468194 | IQ39: 43.709138624385] | IR39: [-79.2329879965019 | IS39: 43.709049316792] | IT39: [-79.2330627821477 | IU39: 43.7089601356902] | IV39: [-79.2330946768318 | IW39: 43.7089228107317] | IX39: [-79.2331177599414 | IY39: 43.7088939338734] | IZ39: [-79.2331347821177 | JA39: 43.7088694265202] | JB39: [-79.233166469291 | JC39: 43.7088116500106] | JD39: [-79.2331713381598 | JE39: 43.7088020116042] | JF39: [-79.2331848766695 | JG39: 43.7087459298532] | JH39: [-79.2331969428404 | JI39: 43.708671985499] | JJ39: [-79.233202272545 | JK39: 43.7086372707838] | JL39: [-79.233227619409 | JM39: 43.7086434695633] | JN39: [-79.2332730939253 | JO39: 43.7085212841383] | JP39: [-79.233336699139 | JQ39: 43.7083561061752] | JR39: [-79.2332335734427 | JS39: 43.7083306083247] | JT39: [-79.2332465657767 | JU39: 43.7082943005255] | JV39: [-79.2332346127935 | JW39: 43.708292381659] | JX39: [-79.2331653949059 | JY39: 43.7082763865571] | JZ39: [-79.2332172815967 | KA39: 43.7081488606625] | KB39: [-79.2332493514524 | KC39: 43.7080606964254] | KD39: [-79.2332702875884 | KE39: 43.7080178811705] | KF39: [-79.2333213837617 | KG39: 43.7078923878939] | KH39: [-79.233357372967 | KI39: 43.7077960503346] | KJ39: [-79.233400307946 | KK39: 43.7076865154924] | KL39: [-79.2334399155652 | KM39: 43.707596846634] | KN39: [-79.2333567127052 | KO39: 43.707553221932] | KP39: [-79.2330943246922 | KQ39: 43.7074192020773] | KR39: [-79.2327274527302 | KS39: 43.7072228907358] | KT39: [-79.2324715379771 | KU39: 43.7070764897945] | KV39: [-79.2321324185675 | KW39: 43.7068849048015] | KX39: [-79.2318189155165 | KY39: 43.7067088874286] | KZ39: [-79.2316939356059 | LA39: 43.7066851279172] | LB39: [-79.2316412790589 | LC39: 43.7066762099807] | LD39: [-79.2315987411353 | LE39: 43.7066682979329] | LF39: [-79.2315039158722 | LG39: 43.7066520699195] | LH39: [-79.2314593252981 | LI39: 43.7066456378064] | LJ39: [-79.2314650188204 | LK39: 43.7066348671814] | LL39: [-79.2314669052825 | LM39: 43.7066319014603] | LN39: [-79.2314228968167 | LO39: 43.7066258661167] | LP39: [-79.2313637409586 | LQ39: 43.7066326404554] | LR39: [-79.231311264973 | LS39: 43.7066415090454] | LT39: [-79.2312435293056 | LU39: 43.7066496581207] | LV39: [-79.2311815446527 | LW39: 43.7066536622001] | LX39: [-79.2311662831743 | LY39: 43.7066536258348] | LZ39: [-79.2311281919114 | MA39: 43.7066424740248] | MB39: [-79.2311063035611 | MC39: 43.7066341236407] | MD39: [-79.2310910564558 | ME39: 43.7066333943863] | MF39: [-79.2310862980798 | MG39: 43.7066292338047] | MH39: [-79.2310797933788 | MI39: 43.7065939334636] | MJ39: [-79.2310788806904 | MK39: 43.706584245997] | ML39: [-79.2310704095773 | MM39: 43.7065586350498] | MN39: [-79.2310666465346 | MO39: 43.7065482475442] | MP39: [-79.2310638437909 | MQ39: 43.7065337228264] | MR39: [-79.2310582023709 | MS39: 43.7065164174521] | MT39: [-79.2310563716044 | MU39: 43.7065011920433] | MV39: [-79.2310554571194 | MW39: 43.7064921981018] | MX39: [-79.2310554966453 | MY39: 43.7064832054577] | MZ39: [-79.2310650843643 | NA39: 43.7064700859875] | NB39: [-79.2310670355051 | NC39: 43.7064610991845] | ND39: [-79.2310785941279 | NE39: 43.7064348329576] | NF39: [-79.2310805533535 | NG39: 43.7064237752675] | NH39: [-79.2310735321213 | NI39: 43.7064206166692] | NJ39: [-79.2310327279461 | NK39: 43.7063969382164] | NL39: [-79.2309690149346 | NM39: 43.7063659132794] | NN39: [-79.2308840414952 | NO39: 43.7063306173289] | NP39: [-79.2307643140341 | NQ39: 43.7062812160808] | NR39: [-79.2306658155599 | NS39: 43.7062402795239] | NT39: [-79.2305460827089 | NU39: 43.7061894644894] | NV39: [-79.2304224897972 | NW39: 43.7061386487624] | NX39: [-79.2302834575407 | NY39: 43.7060807663682] | NZ39: [-79.2301405526469 | OA39: 43.7060200753184] | OB39: [-79.2299319898891 | OC39: 43.7059311734921] | OD39: [-79.2298199870412 | OE39: 43.7058831830365] | OF39: [-79.2298044830177 | OG39: 43.705890167861] | OH39: [-79.2295943886323 | OI39: 43.7059294117019] | OJ39: [-79.2295505733043 | OK39: 43.7059906333932] | OL39: [-79.2295158264691 | OM39: 43.7059751045869] | ON39: [-79.2295119358656 | OO39: 43.7059793087227] | OP39: [-79.2294807643253 | OQ39: 43.7060269692127] | OR39: [-79.2294223917981 | OS39: 43.7060998128731] | OT39: [-79.2293659048348 | OU39: 43.7061839044514] | OV39: [-79.2292997061848 | OW39: 43.7062777925262] | OX39: [-79.2291362649054 | OY39: 43.7064823456756] | OZ39: [-79.229019508173 | PA39: 43.7066385381296] | PB39: [-79.228949015576 | PC39: 43.7067244056548] | PD39: [-79.2288653967961 | PE39: 43.7068288822984] | PF39: [-79.2287670204927 | PG39: 43.7069537219308] | PH39: [-79.2286637196249 | PI39: 43.7070891889859] | PJ39: [-79.228636657877 | PK39: 43.7071439248337] | PL39: [-79.2286165760388 | PM39: 43.7071863452437] | PN39: [-79.2286164987837 | PO39: 43.7072036361385] | PP39: [-79.2286198279401 | PQ39: 43.7072221686316] | PR39: [-79.228624876472 | PS39: 43.7072332969563] | PT39: [-79.2286332936862 | PU39: 43.7072543081004] | PV39: [-79.2286451020406 | PW39: 43.707280269412] | PX39: [-79.2286535030852 | PY39: 43.7073049884613] | PZ39: [-79.2286584689721 | QA39: 43.7073346505277] | QB39: [-79.2286651021321 | QC39: 43.7073741817444] | QD39: [-79.2286582057657 | QE39: 43.7073926992493] | QF39: [-79.2286428041502 | QG39: 43.7074099446284] | QH39: [-79.2286205915081 | QI39: 43.7074296589147] | QJ39: [-79.2285813638763 | QK39: 43.7074443814739] | QL39: [-79.2285490047631 | QM39: 43.707446771162] | QN39: [-79.228520096079 | QO39: 43.7074405281015] | QP39: [-79.2284809537871 | QQ39: 43.7074367357699] | QR39: [-79.2284469229092 | QS39: 43.7074329551267] | QT39: [-79.2283959228556 | QU39: 43.7074167838156] | QV39: [-79.2283653756443 | QW39: 43.7073969448456] | QX39: [-79.2283348446028 | QY39: 43.7073709400765] | QZ39: [-79.2283042443909 | RA39: 43.7073465639233] | RB39: [-79.2282473504907 | RC39: 43.7073305951933] | RD39: [-79.2281946409431 | RE39: 43.7073193532464] | RF39: [-79.2281520976296 | RG39: 43.7073155524653] | RH39: [-79.2281027262215 | RI39: 43.7073154349287] | RJ39: [-79.2280482550777 | RK39: 43.7073153057034] | RL39: [-79.2280175901871 | RM39: 43.7073189415438] | RN39: [-79.2279970987172 | RO39: 43.7073337180281] | RP39: [-79.2279681127779 | RQ39: 43.7073447651604] | RR39: [-79.2279391034825 | RS39: 43.7073582792578] | RT39: [-79.2278981977977 | RU39: 43.7073680562128] | RV39: [-79.2278573109775 | RW39: 43.7073741330414] | RX39: [-79.2278215400629 | RY39: 43.7073789896986] | RZ39: [-79.2277500108101 | SA39: 43.7073862366952] | SB39: [-79.2277091168034 | SC39: 43.7073935564208] | SD39: [-79.2276852413798 | SE39: 43.7074021404732] | SF39: [-79.2276665177943 | SG39: 43.7074020956665] | SH39: [-79.227637583059 | SI39: 43.707402026833] | SJ39: [-79.2276188738466 | SK39: 43.7073958077946] | SL39: [-79.2275967842737 | SM39: 43.7073883471556] | SN39: [-79.2275730202412 | SO39: 43.7073722323279] | SP39: [-79.2275499820474 | SQ39: 43.7073468743235] | SR39: [-79.2275358299884 | SS39: 43.707315336224] | ST39: [-79.2275308236774 | SU39: 43.707291858781] | SV39: [-79.2275428476275 | SW39: 43.70726718778] | SX39: [-79.2275651069819 | SY39: 43.7072400751225] | SZ39: [-79.2275839203989 | TA39: 43.7072203620726] | TB39: [-79.2276027616636 | TC39: 43.7071944650231] | TD39: [-79.2276301207539 | TE39: 43.707169821905] | TF39: [-79.227669403183 | TG39: 43.7071402831383] | TH39: [-79.2277256997035 | TI39: 43.7071157179231] | TJ39: [-79.227780260679 | TK39: 43.7070960814585] | TL39: [-79.2278603859107 | TM39: 43.7070728058856] | TN39: [-79.2279217201834 | TO39: 43.7070618353294] | TP39: [-79.2279915300607 | TQ39: 43.7070558260043] | TR39: [-79.2280323908298 | TS39: 43.7070559234106] | TT39: [-79.2280681437781 | TU39: 43.7070547753138] | TV39: [-79.2281448015128 | TW39: 43.7070438320283] | TX39: [-79.2281771669142 | TY39: 43.7070402000674] | TZ39: [-79.2282368671514 | UA39: 43.7070144100872] | UB39: [-79.2282828761653 | UC39: 43.7070034025059] | UD39: [-79.2283408273826 | UE39: 43.7069887149049] | UF39: [-79.2284073395445 | UG39: 43.7069629313962] | UH39: [-79.2284408745524 | UI39: 43.7069282215357] | UJ39: [-79.2284619643003 | UK39: 43.7068852996232] | UL39: [-79.2284922950176 | UM39: 43.7068292667305] | UN39: [-79.2285356306451 | UO39: 43.7067451987858] | UP39: [-79.2285659460911 | UQ39: 43.7066953861725] | UR39: [-79.2286222147638 | US39: 43.7066051190504] | UT39: [-79.2287260537225 | UU39: 43.7064463763839] | UV39: [-79.2288774917131 | UW39: 43.7062129183369] | UX39: [-79.228968339236 | UY39: 43.7060790961459] | UZ39: [-79.2290288290924 | VA39: 43.7060044127459] | VB39: [-79.2290936416418 | VC39: 43.7059235094122] | VD39: [-79.2291498097032 | VE39: 43.7058550619013] | VF39: [-79.2291587030246 | VG39: 43.7057896255325] | VH39: [-79.2291977456034 | VI39: 43.7057055379468] | VJ39: [-79.229219501003 | VK39: 43.7056463608975] | VL39: [-79.22924130042 | VM39: 43.7055778325456] | VN39: [-79.2292414693032 | VO39: 43.705540414566] | VP39: [-79.2292158960637 | VQ39: 43.7054936102385] | VR39: [-79.2291946580938 | VS39: 43.7054374370746] | VT39: [-79.2291587227875 | VU39: 43.7053525417976] | VV39: [-79.2291495402087 | VW39: 43.7053279920845] | VX39: [-79.2291150422068 | VY39: 43.7052378975907] | VZ39: [-79.2291041168963 | WA39: 43.7052227218608] | WB39: [-79.229080689732 | WC39: 43.7051844743805] | WD39: [-79.2290502036062 | WE39: 43.7051377483521] | WF39: [-79.2290313030527 | WG39: 43.7051165059302] | WH39: [-79.2289991918745 | WI39: 43.7051079507733] | WJ39: [-79.2289832081507 | WK39: 43.7050867050938] | WL39: [-79.2289584730393 | WM39: 43.7050633332792] | WN39: [-79.2289250898467 | WO39: 43.7050123522998] | WP39: [-79.2289077155308 | WQ39: 43.7049773321961] | WR39: [-79.2288947088238 | WS39: 43.7049423042791] | WT39: [-79.2288905244712 | WU39: 43.7048988276564] | WV39: [-79.2288892084393 | WW39: 43.7048659602464] | WX39: [-79.2288995974556 | WY39: 43.7048320589736] | WZ39: [-79.2289143379111 | XA39: 43.7048045237539] | XB39: [-79.2289275952481 | XC39: 43.7047812330043] | XD39: [-79.228945217499 | XE39: 43.7047611295052] | XF39: [-79.2289672046638 | XG39: 43.7047474011694] | XH39: [-79.228995053336 | XI39: 43.7047294367865] | XJ39: [-79.2290243599738 | XK39: 43.7047104242644] | XL39: [-79.2290638858463 | XM39: 43.7046977895092] | XN39: [-79.2291077568699 | XO39: 43.7046872899841] | XP39: [-79.2291486868091 | XQ39: 43.7046852722931] | XR39: [-79.2291793552929 | XS39: 43.7046916994212] | XT39: [-79.2291968481864 | XU39: 43.7047002202192] | XV39: [-79.2292216219254 | XW39: 43.7047151213846] | XX39: [-79.2292551811878 | XY39: 43.7047268580143] | XZ39: [-79.2292901714664 | YA39: 43.7047460231404] | YB39: [-79.2293280615068 | YC39: 43.7047715601809] | YD39: [-79.22936157765 | YE39: 43.7047928462349] | YF39: [-79.2294008870285 | YG39: 43.7048258026527] | YH39: [-79.229447513185 | YI39: 43.7048566614911] | YJ39: [-79.2295029015088 | YK39: 43.7048896561884] | YL39: [-79.2295452121587 | YM39: 43.7049035280089] | YN39: [-79.2296210721895 | YO39: 43.704931279433] | YP39: [-79.2296969169489 | YQ39: 43.7049653839115] | YR39: [-79.2297921446573 | YS39: 43.704993467799] | YT39: [-79.2298271735635 | YU39: 43.7050235070107] | YV39: [-79.229855165966 | YW39: 43.7050455177031] | YX39: [-79.2298874756718 | YY39: 43.7050675491682] | YZ39: [-79.2299068469426 | ZA39: 43.7050864070205] | ZB39: [-79.2299218524011 | ZC39: 43.7051130862054] | ZD39: [-79.229949879838 | ZE39: 43.7051272664377] | ZF39: [-79.2299951836744 | ZG39: 43.705143044832] | ZH39: [-79.230036197157 | ZI39: 43.7051556892343] | ZJ39: [-79.2300901850073 | ZK39: 43.7051636573298] | ZL39: [-79.2301463108479 | ZM39: 43.7051763283531] | ZN39: [-79.2301916371422 | ZO39: 43.7051873992613] | ZP39: [-79.2302628600695 | ZQ39: 43.7052063798117] | ZR39: [-79.2303340829968 | ZS39: 43.7052253610055] | ZT39: [-79.2304074771522 | ZU39: 43.7052443467391] | ZV39: [-79.2305024874682 | ZW39: 43.7052602419937] | ZX39: [-79.2305499984652 | ZY39: 43.7052681840996] | ZZ39: [-79.2306018267656 | AAA39: 43.7052761463358] | AAB39: [-79.2306492838637 | AAC39: 43.7052935053185] | AAD39: [-79.2307335143963 | AAE39: 43.7053062425526] | AAF39: [-79.2308004065457 | AAG39: 43.705325212675] | AAH39: [-79.2308824505788 | AAI39: 43.7053410858289] | AAJ39: [-79.2309645017986 | AAK39: 43.705355384197] | AAL39: [-79.2310530559227 | AAM39: 43.7053665654691] | AAN39: [-79.2311329907116 | AAO39: 43.7053714521611] | AAP39: [-79.2312172652616 | AAQ39: 43.7053716502263] | AAR39: [-79.2313448161505 | AAS39: 43.7053578363103] | AAT39: [-79.2314118538269 | AAU39: 43.7053501533247] | AAV39: [-79.2314789058764 | AAW39: 43.7053361971862] | AAX39: [-79.2315568284391 | AAY39: 43.7053081517737] | AAZ39: [-79.2316153033741 | ABA39: 43.7052753716072] | ABB39: [-79.2316465027623 | ABC39: 43.7052295924686] | ABD39: [-79.2316764094747 | ABE39: 43.7051981675488] | ABF39: [-79.2316964706516 | ABG39: 43.7051764848576] | ABH39: [-79.231703224186 | ABI39: 43.7051563925308] | ABJ39: [-79.2317077633731 | ABK39: 43.7051314602427] | ABL39: [-79.2317311249604 | ABM39: 43.7051154214371] | ABN39: [-79.2317544515134 | ABO39: 43.7051098405189] | ABP39: [-79.231764474017 | ABQ39: 43.7050994047068] | ABR39: [-79.2317645458822 | ABS39: 43.7050833016023] | ABT39: [-79.2317646069676 | ABU39: 43.705069620097] | ABV39: [-79.2317702394045 | ABW39: 43.7050503251947] | ABX39: [-79.2317958961873 | ABY39: 43.705017396175] | ABZ39: [-79.2318382104304 | ACA39: 43.7049804817788] | ACB39: [-79.2318849596561 | ACC39: 43.7049395456325] | ACD39: [-79.2319127831754 | ACE39: 43.7049186921305] | ACF39: [-79.2319416945545 | ACG39: 43.7049018648972] | ACH39: [-79.2319739323951 | ACI39: 43.7048874573218] | ACJ39: [-79.2320139280865 | ACK39: 43.7048722581247] | ACL39: [-79.2320361586949 | ACM39: 43.7048618508449] | ACN39: [-79.232067241302 | ACO39: 43.7048562880862] | ACP39: [-79.2320960871041 | ACQ39: 43.7048539444021] | ACR39: [-79.2321293517191 | ACS39: 43.7048540210313] | ACT39: [-79.2321692953082 | ACU39: 43.7048533047433] | ACV39: [-79.2322036801223 | ACW39: 43.7048525754672] | ACX39: [-79.2322380658347 | ACY39: 43.7048518546333] | ACZ39: [-79.2322878864004 | ADA39: 43.7048704781202] | ADB39: [-79.2323111410882 | ADC39: 43.7048809925495] | ADD39: [-79.2323310576363 | ADE39: 43.7049002829604] | ADF39: [-79.2323326512477 | ADG39: 43.7049072003619] | ADH39: [-79.2323303416791 | ADI39: 43.7049273129036] | ADJ39: [-79.2323291684793 | ADK39: 43.7049425945604] | ADL39: [-79.2323424446809 | ADM39: 43.7049482605656] | ADN39: [-79.2323523872344 | ADO39: 43.7049587425112] | ADP39: [-79.2323567198091 | ADQ39: 43.7049804824282] | ADR39: [-79.2323588721725 | ADS39: 43.7049957705655] | ADT39: [-79.2323643123699 | ADU39: 43.7050199255805] | ADV39: [-79.2323685964354 | ADW39: 43.7050553463377] | ADX39: [-79.2323685137904 | ADY39: 43.7050738528699] | ADZ39: [-79.2323584284047 | AEA39: 43.7050955583271] | AEB39: [-79.2323405034216 | AEC39: 43.705136553462] | AED39: [-79.2323326314847 | AEE39: 43.7051598745951] | AEF39: [-79.2323370134667 | AEG39: 43.7051735671196] | AEH39: [-79.2323458124649 | AEI39: 43.705189681889] | AEJ39: [-79.2323591048361 | AEK39: 43.7051945380737] | AEL39: [-79.2323812986136 | AEM39: 43.7051897650117] | AEN39: [-79.2323957237604 | AEO39: 43.7051881882777] | AEP39: [-79.2324056582291 | AEQ39: 43.7052002813332] | AER39: [-79.2324211272183 | AES39: 43.7052123886729] | AET39: [-79.2324332751359 | AEU39: 43.7052260896277] | AEV39: [-79.2324576015138 | AEW39: 43.7052414400442] | AEX39: [-79.2324863700608 | AEY39: 43.7052592036104] | AEZ39: [-79.2325095951041 | AFA39: 43.7052737409755] | AFB39: [-79.2325372793845 | AFC39: 43.705284265075] | AFD39: [-79.2325671663341 | AFE39: 43.7052964061663] | AFF39: [-79.2326004004063 | AFG39: 43.7053061509879] | AFH39: [-79.2326247510387 | AFI39: 43.7053158665851] | AFJ39: [-79.2326446954346 | AFK39: 43.7053231501973] | AFL39: [-79.2326757241429 | AFM39: 43.7053296590807] | AFN39: [-79.2327056416351 | AFO39: 43.7053345626599] | AFP39: [-79.2327278201412 | AFQ39: 43.7053362251102] | AFR39: [-79.2327810525082 | AFS39: 43.7053355393495] | AFT39: [-79.2328165602165 | AFU39: 43.705330798119] | AFV39: [-79.2328615559307 | AFW39: 43.7053211636986] | AFX39: [-79.2329048367611 | AFY39: 43.7053096810988] | AFZ39: [-79.2329559104766 | AGA39: 43.705297720542] | AGB39: [-79.233019167144 | AGC39: 43.705289019297] | AGD39: [-79.2330668874485 | AGE39: 43.7052834961911] | AGF39: [-79.2330924157722 | AGG39: 43.7052795322826] | AGH39: [-79.2331234723283 | AGI39: 43.7052796043655] | AGJ39: [-79.2331523073506 | AGK39: 43.705279672552] | AGL39: [-79.2331877890076 | AGM39: 43.7052837871201] | AGN39: [-79.2332166087586 | AGO39: 43.7052870769561] | AGP39: [-79.2332465199626 | AGQ39: 43.7052935832459] | AGR39: [-79.2332730849422 | AGS39: 43.7053049145399] | AGT39: [-79.2332940686889 | AGU39: 43.7053242801442] | AGV39: [-79.2333106515891 | AGW39: 43.705339603261] | AGX39: [-79.2333161160409 | AGY39: 43.7053581311353] | AGZ39: [-79.2333149042136 | AHA39: 43.705382270419] | AHB39: [-79.2333159516492 | AHC39: 43.7053951440069] | AHD39: [-79.2333114385132 | AHE39: 43.7054112281951] | AHF39: [-79.2333102733983 | AHG39: 43.7054248985828] | AHH39: [-79.2333046562328 | AHI39: 43.7054409886077] | AHJ39: [-79.2332979018002 | AHK39: 43.7054643128694] | AHL39: [-79.2332933958508 | AHM39: 43.7054787852455] | AHN39: [-79.2332744485848 | AHO39: 43.7055012717757] | AHP39: [-79.23326216053 | AHQ39: 43.7055189391548] | AHR39: [-79.2332321460197 | AHS39: 43.7055357740076] | AHT39: [-79.2332054471912 | AHU39: 43.7055517964659] | AHV39: [-79.2331754641219 | AHW39: 43.7055613756509] | AHX39: [-79.2331366164775 | AHY39: 43.705569359278] | AHZ39: [-79.2331094262705 | AIA39: 43.7055704749336] | AIB39: [-79.2330849920947 | AIC39: 43.7055768532624] | AID39: [-79.2330561310213 | AIE39: 43.7055824211494] | AIF39: [-79.2330261174093 | AIG39: 43.7056016587339] | AIH39: [-79.2329938301614 | AII39: 43.7056273454193] | AIJ39: [-79.2329748900819 | AIK39: 43.7056482201047] | AIL39: [-79.2329659491499 | AIM39: 43.7056610709068] | AIN39: [-79.2329636692257 | AIO39: 43.7056771595695] | AIP39: [-79.2329646977967 | AIQ39: 43.7056940573687] | AIR39: [-79.2329712411253 | AIS39: 43.7057182140506] | AIT39: [-79.2329789271108 | AIU39: 43.705736738561] | AIV39: [-79.2329954974346 | AIW39: 43.7057520706638] | AIX39: [-79.2330275798666 | AIY39: 43.7057698516123] | AIZ39: [-79.2330552264178 | AJA39: 43.7057892326517] | AJB39: [-79.2330806720965 | AJC39: 43.7058037744341] | AJD39: [-79.2330983374666 | AJE39: 43.7058215125075] | AJF39: [-79.2331082674438 | AJG39: 43.7058344074309] | AJH39: [-79.2331115462946 | AJI39: 43.7058448833771] | AJJ39: [-79.2331114932939 | AJK39: 43.7058569451295] | AJL39: [-79.2331091972001 | AJM39: 43.7058738448261] | AJN39: [-79.2331024822933 | AJO39: 43.7058883203503] | AJP39: [-79.2330753917993 | AJQ39: 43.7059059272223] | AJR39: [-79.233046357351 | AJS39: 43.705914338101] | AJT39: [-79.2330241554887 | AJU39: 43.7059207222377] | AJV39: [-79.2329986002156 | AJW39: 43.7059279083682] | AJX39: [-79.2329852638268 | AJY39: 43.7059359153245] | AJZ39: [-79.232956253633 | AKA39: 43.7059752825191] | AKB39: [-79.2329094127792 | AKC39: 43.7060339066152] | AKD39: [-79.2328882278099 | AKE39: 43.7060572066189] | AKF39: [-79.2328737496624 | AKG39: 43.7060708450394] | AKH39: [-79.2328558956461 | AKI39: 43.7060957457662] | AKJ39: [-79.2328402317225 | AKK39: 43.7061246752742] | AKL39: [-79.2328011002104 | AKM39: 43.7061994208654] | AKN39: [-79.2327669184156 | AKO39: 43.7062687134817] | AKP39: [-79.2327378426448 | AKQ39: 43.7063308348725] | AKR39: [-79.2326852157422 | AKS39: 43.7064465945765] | AKT39: [-79.2326638987205 | AKU39: 43.7064996517092] | AKV39: [-79.2326514795117 | AKW39: 43.706549517085] | AKX39: [-79.2326413159725 | AKY39: 43.7065889189433] | AKZ39: [-79.2326334287643 | ALA39: 43.7066186677317] | ALB39: [-79.2326332922204 | ALC39: 43.7066492535567] | ALD39: [-79.2326408829846 | ALE39: 43.706686284463] | ALF39: [-79.232650785114 | ALG39: 43.7067056249446] | ALH39: [-79.2326695518186 | ALI39: 43.7067265875702] | ALJ39: [-79.2326927319461 | ALK39: 43.7067515841328] | ALL39: [-79.2327137291676 | ALM39: 43.7067677277] | ALN39: [-79.2327700346713 | ALO39: 43.7067877162355] | ALP39: [-79.2328024863109 | ALQ39: 43.7068038143364] | ALR39: [-79.2328860880228 | ALS39: 43.7068355137509] | ALT39: [-79.2329494569796 | ALU39: 43.7068547087236] | ALV39: [-79.2329530807835 | ALW39: 43.7068631337556] | ALX39: [-79.2329773218214 | ALY39: 43.706883721635] | ALZ39: [-79.2329956025375 | AMA39: 43.7069024782624] | AMB39: [-79.2331467737284 | AMC39: 43.7069384674111] | AMD39: [-79.2331638120744 | AME39: 43.7069014308162] | AMF39: [-79.2331955315871 | AMG39: 43.7069090661985] | AMH39: [-79.2332907224645 | AMI39: 43.7069298203028] | AMJ39: [-79.2332962354254 | AMK39: 43.7069175912269] | AML39: [-79.2333047442677 | AMM39: 43.706901769142] | AMN39: [-79.2333203147666 | AMO39: 43.7068823624871] | AMP39: [-79.2333244524068 | AMQ39: 43.7068753602451] | AMR39: [-79.2333299384182 | AMS39: 43.7068696126004] | AMT39: [-79.2333448738081 | AMU39: 43.7068592056674] | AMV39: [-79.233359310633 | AMW39: 43.7068495182436] | AMX39: [-79.2333658081475 | AMY39: 43.7068391002676] | AMZ39: [-79.2333460191601 | ANA39: 43.7068250035607] | ANB39: [-79.2334191635838 | ANC39: 43.7067776560566] | AND39: [-79.2335150102314 | ANE39: 43.7067987082712] | ANF39: [-79.2336266241088 | ANG39: 43.7068233346579] | ANH39: [-79.2336449236894 | ANI39: 43.706837779432] | ANJ39: [-79.233756179139 | ANK39: 43.7069266026378] | ANL39: [-79.2338444898197 | ANM39: 43.7068676066717] | ANN39: [-79.2338472665122 | ANO39: 43.7068652552737] | ANP39: [-79.2338433013486 | ANQ39: 43.7068641656173] | ANR39: [-79.2338215297793 | ANS39: 43.7068489928966] | ANT39: [-79.2337745514832 | ANU39: 43.7068128783641] | ANV39: [-79.2337127303237 | ANW39: 43.7067659367123] | ANX39: [-79.2337644894537 | ANY39: 43.7067311416689] | ANZ39: [-79.2338028097871 | AOA39: 43.706704955434] | AOB39: [-79.2338933941038 | AOC39: 43.7066421759592] | AOD39: [-79.2338997595659 | AOE39: 43.7066478067371] | AOF39: [-79.2340226859277 | AOG39: 43.706743561051] | AOH39: [-79.2340266510913 | AOI39: 43.7067476209707] | AOJ39: [-79.234118677204 | AOK39: 43.7066870676153] | AOL39: [-79.2341091101462 | AOM39: 43.706684146704] | AON39: [-79.2339811029131 | AOO39: 43.7065842947006] | AOP39: [-79.2339307155106 | AOQ39: 43.7064296443893] | AOR39: [-79.2340027217688 | AOS39: 43.7063841031572] | AOT39: [-79.2340447233982 | AOU39: 43.7063980622986] | AOV39: [-79.2341512016072 | AOW39: 43.7064308678265] | AOX39: [-79.234252639369 | AOY39: 43.7064642097264] | AOZ39: [-79.2342615587415 | APA39: 43.7064450133298] | APB39: [-79.234274886147 | APC39: 43.7064279598904] | APD39: [-79.2343162463793 | APE39: 43.7063960115466] | APF39: [-79.2343369220039 | APG39: 43.7063811082015] | APH39: [-79.2343384527332 | API39: 43.7063661522525] | APJ39: [-79.2343311233788 | APK39: 43.7063597356941] | APL39: [-79.2342974131994 | APM39: 43.7063254794036] | APN39: [-79.2342549624124 | APO39: 43.7062698245786] | APP39: [-79.2342154006072 | APQ39: 43.7062259501964] | APR39: [-79.2341948723064 | APS39: 43.7062077381915] | APT39: [-79.2341684205145 | APU39: 43.7061959206786] | APV39: [-79.2341449178917 | APW39: 43.7061851902346] | APX39: [-79.2341184562184 | APY39: 43.7061755156896] | APZ39: [-79.2340846328513 | AQA39: 43.7061668860046] | AQB39: [-79.2340272754204 | AQC39: 43.7061517923324] | AQD39: [-79.2339802198692 | AQE39: 43.7061388650079] | AQF39: [-79.2339479011802 | AQG39: 43.7061238297735] | AQH39: [-79.2339229450833 | AQI39: 43.7061077490233] | AQJ39: [-79.2339140921862 | AQK39: 43.706112003802] | AQL39: [-79.233855408842 | AQM39: 43.7060627296536] | AQN39: [-79.2337952558539 | AQO39: 43.7060177271341] | AQP39: [-79.2337365626282 | AQQ39: 43.7059705854976] | AQR39: [-79.2336456315619 | AQS39: 43.7058934674045] | AQT39: [-79.2335767164065 | AQU39: 43.7058292175119] | AQV39: [-79.2335974351502 | AQW39: 43.7058047017623] | AQX39: [-79.2336137018434 | AQY39: 43.7057876461926] | AQZ39: [-79.2336388133489 | ARA39: 43.7057684781525] | ARB39: [-79.2336879556865 | ARC39: 43.7057588074366] | ARD39: [-79.2337139412527 | ARE39: 43.7057579866076] | ARF39: [-79.23374045413 | ARG39: 43.7057559059618] | ARH39: [-79.2337522624844 | ARI39: 43.7057484620028] | ARJ39: [-79.2337581958569 | ARK39: 43.7057367294695] | ARL39: [-79.2337685965512 | ARM39: 43.7057164561505] | ARN39: [-79.2337848587528 | ARO39: 43.7057004714009] | ARP39: [-79.2337938544821 | ARQ39: 43.7056641814902] | ARR39: [-79.2338057805158 | ARS39: 43.705630030653] | ART39: [-79.2338280030393 | ARU39: 43.7055991092218] | ARV39: [-79.2338488861747 | ARW39: 43.705537202671] | ARX39: [-79.2338667509707 | ARY39: 43.7054902483312] | ARZ39: [-79.2338772136489 | ASA39: 43.7054560863552] | ASB39: [-79.2338979782066 | ASC39: 43.7054208853299] | ASD39: [-79.2339172326965 | ASE39: 43.7053963655169] | ASF39: [-79.2339452412687 | ASG39: 43.7053868168271] | ASH39: [-79.2339673506045 | ASI39: 43.7053815314084] | ASJ39: [-79.2339894177194 | ASK39: 43.7053858583214] | ASL39: [-79.2340070579367 | ASM39: 43.7053923074538] | ASN39: [-79.2340202766461 | ASO39: 43.7053998183446] | ASP39: [-79.2340481486744 | ASQ39: 43.7054212431458] | ASR39: [-79.2340760296859 | ASS39: 43.70544374853] | AST39: [-79.2341246438141 | ASU39: 43.7054353200516] | ASV39: [-79.2341261673568 | ASW39: 43.7054246388253] | ASX39: [-79.2341365455933 | ASY39: 43.7054065071019] | ASZ39: [-79.2341484186264 | ATA39: 43.7053873084184] | ATB39: [-79.2341661504718 | ATC39: 43.7053702559769] | ATD39: [-79.2342074253641 | ATE39: 43.7053575434334] | ATF39: [-79.2342614778931 | ATG39: 43.7053341574377] | ATH39: [-79.2343025686308 | ATI39: 43.7053155756562] | ATJ39: [-79.2343896037037 | ATK39: 43.7052773243388] | ATL39: [-79.2345120530601 | ATM39: 43.7052220614252] | ATN39: [-79.2346226886722 | ATO39: 43.7051699766069] | ATP39: [-79.2347982284619 | ATQ39: 43.7050923964118] | ATR39: [-79.2349310326985 | ATS39: 43.7050243310968] | ATT39: [-79.235046128446 | ATU39: 43.7049647760744] | ATV39: [-79.2351272795538 | ATW39: 43.7049243769704] | ATX39: [-79.2352253333621 | ATY39: 43.7048717489954] | ATZ39: [-79.2352678021154 | AUA39: 43.7048471744082] | AUB39: [-79.2353708667263 | AUC39: 43.7047753851512] | AUD39: [-79.2354809435862 | AUE39: 43.704694601597] | AUF39: [-79.235575867664 | AUG39: 43.7046227926751] | AUH39: [-79.2356800587622 | AUI39: 43.7045600064738] | AUJ39: [-79.2357815432365 | AUK39: 43.7044972143621] | AUL39: [-79.23586523478 | AUM39: 43.7044208795037] | AUN39: [-79.2359245056224 | AUO39: 43.704344486751] | AUP39: [-79.235977978738 | AUQ39: 43.7042635727348] | AUR39: [-79.2360396094547 | AUS39: 43.7041781939352] | AUT39: [-79.2360974016702 | AUU39: 43.7040882964323] | AUV39: [-79.2361605559296 | AUW39: 43.7040119311804] | AUX39: [-79.2362012747648 | AUY39: 43.7039220035553] | AUZ39: [-79.23625202868 | AVA39: 43.7038411000089] | AVB39: [-79.2363128311501 | AVC39: 43.703769221227] | AVD39: [-79.2363570219738 | AVE39: 43.7036883018885] | AVF39: [-79.2364012074077 | AVG39: 43.7036028923966] | AVH39: [-79.2364333814679 | AVI39: 43.7035174457664] | AVJ39: [-79.2364577886942 | AVK39: 43.7034319899226] | AVL39: [-79.2365015429367 | AVM39: 43.7033600710359] | AVN39: [-79.2365418054278 | AVO39: 43.7032836535523] | AVP39: [-79.2365685644434 | AVQ39: 43.7031936930133] | AVR39: [-79.2365890936426 | AVS39: 43.7031127287375] | AVT39: [-79.2365952866282 | AVU39: 43.7030272223114] | AVV39: [-79.2365832617798 | AVW39: 43.7029371815088] | AVX39: [-79.2365762782768 | AVY39: 43.7028516527521] | AVZ39: [-79.2365498112136 | AWA39: 43.7027840823503] | AWB39: [-79.236519576616 | AWC39: 43.7026985105132] | AWD39: [-79.2365040384566 | AWE39: 43.7026174624424] | AWF39: [-79.2364841928753 | AWG39: 43.7025454068486] | AWH39: [-79.2364363638747 | AWI39: 43.7024912980434] | AWJ39: [-79.2364029438512 | AWK39: 43.7024192195681] | AWL39: [-79.2363481825514 | AWM39: 43.7023560842649] | AWN39: [-79.2362793778889 | AWO39: 43.7023064277636] | AWP39: [-79.2362094081114 | AWQ39: 43.702256767974] | AWR39: [-79.2361531151841 | AWS39: 43.7021891287117] | AWT39: [-79.2361139100102 | AWU39: 43.7021125363379] | AWV39: [-79.2360393192989 | AWW39: 43.7020583654461] | AWX39: [-79.2360183966376 | AWY39: 43.7020535739503] | AWZ39: [-79.2359803987994 | AXA39: 43.7020524686201] | AXB39: [-79.2359523309383 | AXC39: 43.7020616567579] | AXD39: [-79.2359064243324 | AXE39: 43.7020670957348] | AXF39: [-79.2358783843191 | AXG39: 43.7020670307918] | AXH39: [-79.2358427095242 | AXI39: 43.7020651039328] | AXJ39: [-79.2358299920747 | AXK39: 43.7020595292249] | AXL39: [-79.2358071254592 | AXM39: 43.702042832374] | AXN39: [-79.2357791294634 | AXO39: 43.7020353691204] | AXP39: [-79.2357485912353 | AXQ39: 43.702022363626] | AXR39: [-79.2357129820174 | AXS39: 43.7020056375403] | AXT39: [-79.2356748691948 | AXU39: 43.7019796622546] | AXV39: [-79.2356520169523 | AXW39: 43.7019592662213] | AXX39: [-79.2356316494499 | AXY39: 43.701955529394] | AXZ39: [-79.2356189391869 | AYA39: 43.7019481005494] | AYB39: [-79.2355300248384 | AYC39: 43.701881329879] | AYD39: [-79.2354944488582 | AYE39: 43.7018572145135] | AYF39: [-79.2354818445964 | AYG39: 43.701825753406] | AYH39: [-79.2354870332656 | AYI39: 43.7018054307063] | AYJ39: [-79.2354718697036 | AYK39: 43.7017776538061] | AYL39: [-79.2354514860315 | AYM39: 43.7017776063975] | AYN39: [-79.2354311975808 | AYO39: 43.7017553717496] | AYP39: [-79.2354210888389 | AYQ39: 43.7017350061634] | AYR39: [-79.2354237379706 | AYS39: 43.7017109868553] | AYT39: [-79.2354213170109 | AYU39: 43.701683239136] | AYV39: [-79.235416339446 | AYW39: 43.7016554946509] | AYX39: [-79.2354241278395 | AYY39: 43.7016222267097] | AYZ39: [-79.2354268757859 | AZA39: 43.701581565579] | AZB39: [-79.2354423474701 | AZC39: 43.7015390697648] | AZD39: [-79.2354630293828 | AZE39: 43.7014743989164] | AZF39: [-79.2354835936163 | AZG39: 43.7014337597663] | AZH39: [-79.2355092396194 | AZI39: 43.701396842514] | AZJ39: [-79.2355451380947 | AZK39: 43.7013506954296] | AZL39: [-79.2356014435985 | AZM39: 43.7012990592568] | AZN39: [-79.235678077977 | AZO39: 43.7012603962301] | AZP39: [-79.2357489002557 | AZQ39: 43.7012371917779] | AZR39: [-79.2358418067173 | AZS39: 43.7012253447098] | AZT39: [-79.235934129274 | AZU39: 43.7012165480557] | AZV39: [-79.2360237092742 | AZW39: 43.701207753998] | AZX39: [-79.2361245146221 | AZY39: 43.7012079774052] | AZZ39: [-79.2362143272859 | BAA39: 43.7012396804282] | BAB39: [-79.2363025364569 | BAC39: 43.7012803801077] | BAD39: [-79.2363911426832 | BAE39: 43.7013210817077] | BAF39: [-79.2364766075011 | BAG39: 43.701370777342] | BAH39: [-79.2365450133116 | BAI39: 43.7014204326701] | BAJ39: [-79.2366021587401 | BAK39: 43.7014745716665] | BAL39: [-79.2366223968852 | BAM39: 43.7015421188656] | BAN39: [-79.2366340713906 | BAO39: 43.7016186567662] | BAP39: [-79.236662818378 | BAQ39: 43.701695224443] | BAR39: [-79.2367214244671 | BAS39: 43.7017673615882] | BAT39: [-79.236792104812 | BAU39: 43.7018305241381] | BAV39: [-79.2368351089613 | BAW39: 43.7018756837164] | BAX39: [-79.2368609166611 | BAY39: 43.7019239540381] | BAZ39: [-79.236893936036 | BBA39: 43.7019540850589] | BBB39: [-79.2369324450156 | BBC39: 43.7019942653581] | BBD39: [-79.2369709692665 | BBE39: 43.702028423462] | BBF39: [-79.237015045106 | BBG39: 43.7020585894994] | BBH39: [-79.2370591020808 | BBI39: 43.7020927696473] | BBJ39: [-79.2371280145412 | BBK39: 43.7021290052197] | BBL39: [-79.2372162048475 | BBM39: 43.7021773013146] | BBN39: [-79.23729339169 | BBO39: 43.702219577819] | BBP39: [-79.2373181851918 | BBQ39: 43.7022356667559] | BBR39: [-79.2373236280842 | BBS39: 43.7022537176106] | BBT39: [-79.2373235580155 | BBU39: 43.7022697487392] | BBV39: [-79.2373621819795 | BBW39: 43.7022838698967] | BBX39: [-79.2374007933671 | BBY39: 43.7022979917004] | BBZ39: [-79.2374394272125 | BCA39: 43.702310097678] | BCB39: [-79.2375277522662 | BCC39: 43.7023303461719] | BCD39: [-79.2375913017843 | BCE39: 43.7023304825516] | BCF39: [-79.2376658808175 | BCG39: 43.7023306540004] | BCH39: [-79.2377460617448 | BCI39: 43.7023208106316] | BCJ39: [-79.237823464183 | BCK39: 43.7023109614165] | BCL39: [-79.2379229714653 | BCM39: 43.7022991548251] | BCN39: [-79.2380170053126 | BCO39: 43.7022793154601] | BCP39: [-79.2381193503729 | BCQ39: 43.7022514835781] | BCR39: [-79.2382114106216 | BCS39: 43.702214878555] | BCT39: [-79.2382614656475 | BCU39: 43.7021938494088] | BCV39: [-79.2382880450001 | BCW39: 43.7021444038376] | BCX39: [-79.2382928941061 | BCY39: 43.702099408118] | BCZ39: [-79.2383423409726 | BDA39: 43.7020500059807] | BDB39: [-79.2383976197019 | BDC39: 43.7020006252339] | BDD39: [-79.23846332877 | BDE39: 43.7019602695925] | BDF39: [-79.2385363456329 | BDG39: 43.7019289234884] | BDH39: [-79.2386178578635 | BDI39: 43.7019066064188] | BDJ39: [-79.238705111227 | BDK39: 43.7019022961399] | BDL39: [-79.2387648141591 | BDM39: 43.70190243317] | BDN39: [-79.2388290643631 | BDO39: 43.7019295748683] | BDP39: [-79.2389181745444 | BDQ39: 43.7019432798204] | BDR39: [-79.239005311127 | BDS39: 43.7019659819891] | BDT39: [-79.2390986191355 | BDU39: 43.7019931989927] | BDV39: [-79.2391522422698 | BDW39: 43.7020563301319] | BDX39: [-79.2391744504202 | BDY39: 43.702119390417] | BDZ39: [-79.2391985746772 | BEA39: 43.7021869544243] | BEB39: [-79.2392145215701 | BEC39: 43.7022635018924] | BED39: [-79.2392169542079 | BEE39: 43.7023265074076] | BEF39: [-79.2391725055676 | BEG39: 43.7023849142671] | BEH39: [-79.2391253592866 | BEI39: 43.7024388224957] | BEJ39: [-79.2390642433045 | BEK39: 43.7024926917103] | BEL39: [-79.2389877221137 | BEM39: 43.7025285211504] | BEN39: [-79.2389269843224 | BEO39: 43.7025349361706] | BEP39: [-79.2388902522104 | BEQ39: 43.7025508737069] | BER39: [-79.2388405097982 | BES39: 43.702556773731] | BET39: [-79.2388073457945 | BEU39: 43.7025566970988] | BEV39: [-79.2387742285033 | BEW39: 43.7025486111108] | BEX39: [-79.2387576878239 | BEY39: 43.7025405523976] | BEZ39: [-79.2387356305905 | BFA39: 43.7025284769894] | BFB39: [-79.2387301346976 | BFC39: 43.7025224516236] | BFD39: [-79.2387301876982 | BFE39: 43.7025104262175] | BFF39: [-79.2387053879081 | BFG39: 43.7024983345677] | BFH39: [-79.2386833225898 | BFI39: 43.7024882658759] | BFJ39: [-79.2386474034531 | BFK39: 43.7024881833988] | BFL39: [-79.2385838099175 | BFM39: 43.7024980657056] | BFN39: [-79.238542343684 | BFO39: 43.7025039832693] | BFP39: [-79.2385008576876 | BFQ39: 43.7025119088553] | BFR39: [-79.2384593645046 | BFS39: 43.702523848537] | BFT39: [-79.2384068310268 | BFU39: 43.7025357628886] | BFV39: [-79.2383487765032 | BFW39: 43.7025416434314] | BFX39: [-79.2383128573666 | BFY39: 43.702541569397] | BFZ39: [-79.2382851488317 | BGA39: 43.7025595448263] | BGB39: [-79.2382629981734 | BGC39: 43.7025715195674] | BGD39: [-79.2382656131692 | BGE39: 43.7026035972365] | BGF39: [-79.2382655520837 | BGG39: 43.7026176299937] | BGH39: [-79.2382709815013 | BGI39: 43.7026416943983] | BGJ39: [-79.2382625705753 | BGK39: 43.7026697410583] | BGL39: [-79.2382459050302 | BGM39: 43.7026877411272] | BGN39: [-79.2382319910247 | BGO39: 43.7027117697854] | BGP39: [-79.2381848689982 | BGQ39: 43.7027457313548] | BGR39: [-79.2381489067424 | BGS39: 43.7027556766131] | BGT39: [-79.2381184592442 | BGU39: 43.7027696489384] | BGV39: [-79.2380769022808 | BGW39: 43.7027936048284] | BGX39: [-79.2380464862236 | BGY39: 43.7028035539754] | BGZ39: [-79.2379938916604 | BHA39: 43.7028234788905] | BHB39: [-79.2379606351302 | BHC39: 43.7028474633336] | BHD39: [-79.2379328726964 | BHE39: 43.7028774724484] | BHF39: [-79.2378967954562 | BHG39: 43.7029134763526] | BHH39: [-79.2378744804063 | BHI39: 43.7029635349918] | BHJ39: [-79.2378494560374 | BHK39: 43.7029975561653] | BHL39: [-79.2378770684526 | BHM39: 43.7030016260801] | BHN39: [-79.2379129714196 | BHO39: 43.7030057226208] | BHP39: [-79.2379267318131 | BHQ39: 43.7030197780136] | BHR39: [-79.2379266186254 | BHS39: 43.7030458359744] | BHT39: [-79.2379264425556 | BHU39: 43.7030859278703] | BHV39: [-79.2379289704148 | BHW39: 43.7031380515162] | BHX39: [-79.2379288141079 | BHY39: 43.7031741370906] | BHZ39: [-79.2379286389364 | BIA39: 43.7032142282514] | BIB39: [-79.2376414987441 | BIC39: 43.7031674831529] | BID39: [-79.2376460792537 | BIE39: 43.7032124995017] | BIF39: [-79.2376503309799 | BIG39: 43.7032816306188] | BIH39: [-79.2376449096472 | BII39: 43.7033671295384] | BIJ39: [-79.2376289941953 | BIK39: 43.7034289591015] | BIL39: [-79.2375994917248 | BIM39: 43.7034595770765] | BIN39: [-79.2375756603186 | BIO39: 43.7035013415876] | BIP39: [-79.2375548795911 | BIQ39: 43.7035238152218] | BIR39: [-79.2375325861007 | BIS39: 43.7035516504096] | BIT39: [-79.237510291712 | BIU39: 43.7035794758433] | BIV39: [-79.2374835497643 | BIW39: 43.7036115847944] | BIX39: [-79.2374479324616 | BIY39: 43.7036447444785] | BIZ39: [-79.2374078577184 | BJA39: 43.7036843391734] | BJB39: [-79.2373811481101 | BJC39: 43.7037089324208] | BJD39: [-79.2373396207912 | BJE39: 43.7037399366528] | BJF39: [-79.2372877080492 | BJG39: 43.7037827166481] | BJH39: [-79.2372046749709 | BJI39: 43.703842573522] | BJJ39: [-79.2371512629407 | BJK39: 43.7038874932511] | BJL39: [-79.23704155439 | BJM39: 43.7039612408918] | BJN39: [-79.2369866996655 | BJO39: 43.7039986494665] | BJP39: [-79.2369063768044 | BJQ39: 43.7040489085162] | BJR39: [-79.2368547757778 | BJS39: 43.7040852175882] | BJT39: [-79.2368251080172 | BJU39: 43.7041108834929] | BJV39: [-79.2367968955274 | BJW39: 43.7041387047706] | BJX39: [-79.2367508380045 | BJY39: 43.7041954330957] | BJZ39: [-79.2367433586314 | BKA39: 43.7042147139861] | BKB39: [-79.2367403070544 | BKC39: 43.704237228915] | BKD39: [-79.2367401992566 | BKE39: 43.7042618920714] | BKF39: [-79.2367341212554 | BKG39: 43.7042983510272] | BKH39: [-79.236728102543 | BKI39: 43.7043240720401] | BKJ39: [-79.2367131958991 | BKK39: 43.7043508522221] | BKL39: [-79.2366982353564 | BKM39: 43.7043926466343] | BKN39: [-79.2366788030002 | BKO39: 43.7044440885683] | BKP39: [-79.2366653156945 | BKQ39: 43.7044837359864] | BKR39: [-79.2366622272866 | BKS39: 43.7045148274872] | BKT39: [-79.2366606282853 | BKU39: 43.7045427102707] | BKV39: [-79.2366604971313 | BKW39: 43.7045727464613] | BKX39: [-79.2366603084851 | BKY39: 43.7046156466511] | BKZ39: [-79.2366660936355 | BLA39: 43.7046435371805] | BLB39: [-79.2366919561325 | BLC39: 43.7046650466742] | BLD39: [-79.2367359421404 | BLE39: 43.7047244123691] | BLF39: [-79.2368263369125 | BLG39: 43.704805641372] | BLH39: [-79.2369338068616 | BLI39: 43.7048778981605] | BLJ39: [-79.2370451925669 | BLK39: 43.7049456636195] | BLL39: [-79.2371444240664 | BLM39: 43.7049869744646] | BLN39: [-79.2371596783583 | BLO39: 43.7050114119713] | BLP39: [-79.2372289860774 | BLQ39: 43.7050458748719] | BLR39: [-79.2372540544637 | BLS39: 43.7050620175997] | BLT39: [-79.2372791605793 | BLU39: 43.7050663601213] | BLV39: [-79.2372954102045 | BLW39: 43.7050674777345] | BLX39: [-79.2373146251684 | BLY39: 43.7050685836585] | BLZ39: [-79.2373294267093 | BMA39: 43.7050632534033] | BMB39: [-79.2373486740126 | BMC39: 43.7050568620319] | BMD39: [-79.2373827039922 | BME39: 43.7050494238306] | BMF39: [-79.2374033966848 | BMG39: 43.7050473295229] | BMH39: [-79.2374477510019 | BMI39: 43.7050452800236] | BMJ39: [-79.2374714278978 | BMK39: 43.7050388977418] | BML39: [-79.2374803230158 | BMM39: 43.7050335531972] | BMN39: [-79.2374921897607 | BMO39: 43.705023921976] | BMP39: [-79.2375144086909 | BMQ39: 43.7050132445729] | BMR39: [-79.2375706593974 | BMS39: 43.7049919228803] | BMT39: [-79.237623816306 | BMU39: 43.7049803168316] | BMV39: [-79.2376438765846 | BMW39: 43.7049808214143] | BMX39: [-79.237657177939 | BMY39: 43.704980851936] | BMZ39: [-79.2376823406485 | BNA39: 43.7049723227357] | BNB39: [-79.2376971718338 | BNC39: 43.7049627077397] | BND39: [-79.2377193925607 | BNE39: 43.7049520199352] | BNF39: [-79.2377445831179 | BNG39: 43.7049370733707] | BNH39: [-79.2377712217593 | BNI39: 43.7049285467618] | BNJ39: [-79.2378022989766 | BNK39: 43.7049211104928] | BNL39: [-79.23782892055 | BNM39: 43.704916869267] | BNN39: [-79.2378540733779 | BNO39: 43.7049104993102] | BNP39: [-79.2378733395459 | BNQ39: 43.7048998056518] | BNR39: [-79.2378866741379 | BNS39: 43.7048923291166] | BNT39: [-79.2379088562372 | BNU39: 43.704890237401] | BNV39: [-79.2379413635724 | BNW39: 43.7048903029903] | BNX39: [-79.2379709397049 | BNY39: 43.7048882294578] | BNZ39: [-79.2379798159582 | BOA39: 43.7048871774306] | BOB39: [-79.238006450108 | BOC39: 43.7048797223239] | BOD39: [-79.2380315957495 | BOE39: 43.7048754869397] | BOF39: [-79.2380463865106 | BOG39: 43.7048723068297] | BOH39: [-79.2380582298993 | BOI39: 43.7048680409231] | BOJ39: [-79.2380730610847 | BOK39: 43.7048584168188] | BOL39: [-79.2380834438127 | BOM39: 43.7048477199042] | BON39: [-79.2380997482351 | BOO39: 43.7048391789958] | BOP39: [-79.2381086747941 | BOQ39: 43.7048263280174] | BOR39: [-79.2381205568104 | BOS39: 43.704813482881] | BOT39: [-79.2381397825541 | BOU39: 43.7048060199723] | BOV39: [-79.2381619916028 | BOW39: 43.7048007150204] | BOX39: [-79.2381782591943 | BOY39: 43.7047975206196] | BOZ39: [-79.2382004799212 | BPA39: 43.7047836377348] | BPB39: [-79.2382212642419 | BPC39: 43.7047632978546] | BPD39: [-79.2382404477648 | BPE39: 43.7047373731181] | BPF39: [-79.2383175330977 | BPG39: 43.7047184755426] | BPH39: [-79.2384033904793 | BPI39: 43.7046907863625] | BPJ39: [-79.2384270772567 | BPK39: 43.7046822532246] | BPL39: [-79.2384477609661 | BPM39: 43.7046822999815] | BPN39: [-79.2384625175912 | BPO39: 43.7046898414831] | BPP39: [-79.2384801874529 | BPQ39: 43.7047038159553] | BPR39: [-79.2384845748247 | BPS39: 43.7047134751521] | BPT39: [-79.2384963768909 | BPU39: 43.7047188573906] | BPV39: [-79.238515600838 | BPW39: 43.7047178300376] | BPX39: [-79.2385318908874 | BPY39: 43.7047092904095] | BPZ39: [-79.23854080487 | BQA39: 43.7046996610845] | BQB39: [-79.2385467795649 | BQC39: 43.7046868022834] | BQD39: [-79.2385527596497 | BQE39: 43.7046696600252] | BQF39: [-79.2385794539867 | BQG39: 43.7046514845633] | BQH39: [-79.2385780023092 | BQI39: 43.7046429027146] | BQJ39: [-79.2385647386841 | BQK39: 43.7046342942392] | BQL39: [-79.23855739316 | BQM39: 43.7046256994] | BQN39: [-79.2385545257376 | BQO39: 43.7046031709795] | BQP39: [-79.2385089946274 | BQQ39: 43.7045333705527] | BQR39: [-79.2385032139686 | BQS39: 43.7045044091055] | BQT39: [-79.2385003681057 | BQU39: 43.7044797389054] | BQV39: [-79.2384961711767 | BQW39: 43.7044435898258] | BQX39: [-79.238476882551 | BQY39: 43.7044421591882] | BQZ39: [-79.2384591399258 | BRA39: 43.7044421189251] | BRB39: [-79.2384325381153 | BRC39: 43.704442057881] | BRD39: [-79.2384222784564 | BRE39: 43.7044216555421] | BRF39: [-79.2384238253553 | BRG39: 43.7044055736859] | BRH39: [-79.2384150335437 | BRI39: 43.7043873260601] | BRJ39: [-79.23838850809 | BRK39: 43.7043668957781] | BRL39: [-79.2383575467554 | BRM39: 43.7043507392257] | BRN39: [-79.2383044042197 | BRO39: 43.7043334604961] | BRP39: [-79.2382394147022 | BRQ39: 43.7043247435255] | BRR39: [-79.2381522287123 | BRS39: 43.7043213302497] | BRT39: [-79.2380525857844 | BRU39: 43.7043205710944] | BRV39: [-79.2379741161477 | BRW39: 43.7043214705213] | BRX39: [-79.2379164730526 | BRY39: 43.7043234895233] | BRZ39: [-79.2378336798244 | BSA39: 43.7043286743774] | BSB39: [-79.2377479104777 | BSC39: 43.7043359840858] | BSD39: [-79.237678384468 | BSE39: 43.7043486968459] | BSF39: [-79.2376473674378 | BSG39: 43.7043454121537] | BSH39: [-79.2376222559324 | BSI39: 43.704342149541] | BSJ39: [-79.2375912649534 | BSK39: 43.7043302777597] | BSL39: [-79.2375676850755 | BSM39: 43.7043141380819] | BSN39: [-79.237557440688 | BSO39: 43.7042905230882] | BSP39: [-79.2375560339263 | BSQ39: 43.7042744340534] | BSR39: [-79.2375634854515 | BSS39: 43.704261579707] | BST39: [-79.2375797961622 | BSU39: 43.7042487454894] | BSV39: [-79.2376079394817 | BSW39: 43.7042337955025] | BSX39: [-79.2376242286327 | BSY39: 43.7042284677707] | BSZ39: [-79.23765231985 | BTA39: 43.7042253194473] | BTB39: [-79.2376597713753 | BTC39: 43.7042124553493] | BTD39: [-79.2376820235432 | BTE39: 43.70419427845] | BTF39: [-79.2377189874205 | BTG39: 43.7041911502564] | BTH39: [-79.2377648176697 | BTI39: 43.7041891137159] | BTJ39: [-79.2377973259032 | BTK39: 43.7041891786566] | BTL39: [-79.2378239681379 | BTM39: 43.7041828034272] | BTN39: [-79.2378624304051 | BTO39: 43.7041743137273] | BTP39: [-79.2379097285014 | BTQ39: 43.704174413736] | BTR39: [-79.2379614337325 | BTS39: 43.7041766743224] | BTT39: [-79.2380160935226 | BTU39: 43.7041843068047] | BTV39: [-79.2380722247532 | BTW39: 43.7041930049629] | BTX39: [-79.2381308137743 | BTY39: 43.7042042910064] | BTZ39: [-79.238196256941 | BUA39: 43.7042200852294] | BUB39: [-79.2382538551204 | BUC39: 43.7042309381135] | BUD39: [-79.2383070299954 | BUE39: 43.7042407090846] | BUF39: [-79.2383557429383 | BUG39: 43.7042547544467] | BUH39: [-79.2383837847482 | BUI39: 43.7042633973951] | BUJ39: [-79.2384236708451 | BUK39: 43.7042699239276] | BUL39: [-79.2384546420612 | BUM39: 43.704283937462] | BUN39: [-79.2384945281581 | BUO39: 43.7042904471077] | BUP39: [-79.2385255640528 | BUQ39: 43.7042894470225] | BUR39: [-79.2385595850493 | BUS39: 43.7042841686506] | BUT39: [-79.2386137570542 | BUU39: 43.7042811151433] | BUV39: [-79.2386465680199 | BUW39: 43.7042772297468] | BUX39: [-79.2386659455789 | BUY39: 43.7042692537404] | BUZ39: [-79.2386964155351 | BVA39: 43.7042472797792] | BVB39: [-79.2387324469611 | BVC39: 43.7042213035164] | BVD39: [-79.238798879173 | BVE39: 43.7041953876372] | BVF39: [-79.2388902019048 | BVG39: 43.704163515383] | BVH39: [-79.2389483202087 | BVI39: 43.7041375897378] | BVJ39: [-79.2389981308929 | BVK39: 43.7041216721056] | BVL39: [-79.2390616992757 | BVM39: 43.7041178022844] | BVN39: [-79.2390921458756 | BVO39: 43.7041038484567] | BVP39: [-79.2391198382408 | BVQ39: 43.7040898783906] | BVR39: [-79.2391558885315 | BVS39: 43.7040598874166] | BVT39: [-79.2391918912115 | BVU39: 43.7040379257173] | BVV39: [-79.2392223234383 | BVW39: 43.7040299750061] | BVX39: [-79.2392499565148 | BVY39: 43.7040300379988] | BVZ39: [-79.2392803447242 | BWA39: 43.7040321050669] | BWB39: [-79.2393079760041 | BWC39: 43.7040321680596] | BWD39: [-79.2393301616966 | BWE39: 43.7040121734099] | BWF39: [-79.239357880113 | BWG39: 43.7039921904431] | BWH39: [-79.2393938774031 | BWI39: 43.7039742342762] | BWJ39: [-79.2394132684368 | BWK39: 43.7039602446976] | BWL39: [-79.2394133214374 | BWM39: 43.7039482195799] | BWN39: [-79.2394023000072 | BWO39: 43.7039401746924] | BWP39: [-79.2393913055264 | BWQ39: 43.7039261162684] | BWR39: [-79.2393913666119 | BWS39: 43.7039120838174] | BWT39: [-79.2394163218105 | BWU39: 43.7038941016502] | BWV39: [-79.239438575775 | BWW39: 43.7038580665138] | BWX39: [-79.2394607551794 | BWY39: 43.7038420858145] | BWZ39: [-79.2394884035272 | BXA39: 43.7038381341495] | BXB39: [-79.2395270831867 | BXC39: 43.7038342169031] | BXD39: [-79.239538181872 | BXE39: 43.7038242231179] | BXF39: [-79.2395521776241 | BXG39: 43.7037841641863] | BXH39: [-79.2395164219809 | BXI39: 43.7037459891717] | BXJ39: [-79.2394998956746 | BXK39: 43.7037319274551] | BXL39: [-79.2394751165458 | BXM39: 43.7037118255523] | BXN39: [-79.2394338245855 | BXO39: 43.7036776521722] | BXP39: [-79.2393869190529 | BXQ39: 43.7036615051752] | BXR39: [-79.2393224173206 | BXS39: 43.7036575509007] | BXT39: [-79.2392571933427 | BXU39: 43.7036311542121] | BXV39: [-79.2392490177753 | BXW39: 43.7036050672821] | BXX39: [-79.2392353211622 | BXY39: 43.7035789868348] | BXZ39: [-79.2392187634149 | BYA39: 43.7035749429358] | BYB39: [-79.2392131687073 | BYC39: 43.7035889546844] | BYD39: [-79.2392103435057 | BYE39: 43.703604988703] | BYF39: [-79.2391909228276 | BYG39: 43.703622981997] | BYH39: [-79.2391219519767 | BYI39: 43.7035967664796] | BYJ39: [-79.239025347151 | BYK39: 43.7035765002298] | BYL39: [-79.2389094141737 | BYM39: 43.70355017624] | BYN39: [-79.2388321330082 | BYO39: 43.7035319614738] | BYP39: [-79.2387962866351 | BYQ39: 43.703517846455] | BYR39: [-79.238771523676 | BYS39: 43.7034917309015] | BYT39: [-79.2387466942415 | BYU39: 43.7034836547808] | BYV39: [-79.2387300915784 | BYW39: 43.7034896293958] | BYX39: [-79.2386968952354 | BYY39: 43.7034995810248] | BYZ39: [-79.238680359946 | BZA39: 43.7034875174993] | BZB39: [-79.2386610892865 | BZC39: 43.7034734401361] | BZD39: [-79.2385950065192 | BZE39: 43.7034191730616] | BZF39: [-79.2385343891022 | BZG39: 43.7033809504073] | BZH39: [-79.238487450332 | BZI39: 43.7033728229678] | BZJ39: [-79.2384543617868 | BZK39: 43.7033607308426] | BZL39: [-79.2384129449606 | BZM39: 43.7033526157393] | BZN39: [-79.238352220644 | BZO39: 43.7033384435296] | BZP39: [-79.238321910588 | BZQ39: 43.7033183375984] | BZR39: [-79.2382832632679 | BZS39: 43.7033122356807] | BZT39: [-79.2382114995548 | BZU39: 43.703292025834] | BZV39: [-79.2381590217725 | BZW39: 43.703287909181] | BZX39: [-79.2381092883434 | BZY39: 43.7032918004864] | BZZ39: [-79.2380623226238 | CAA39: 43.7032896950772] | CAB39: [-79.2380513029902 | CAC39: 43.7032816501013] | CAD39: [-79.2380486448752 | CAE39: 43.7032595900549] | CAF39: [-79.238043216356 | CAG39: 43.7032355265478] | CAH39: [-79.2380267960509 | CAI39: 43.7031994026947] | CAJ39: [-79.2380131443535 | CAK39: 43.7031633034977] | CAL39: [-79.237996748303 | CAM39: 43.7031191683731] | CAN39: [-79.2379886428042 | CAO39: 43.7030770516106] | CAP39: [-79.2379833139979 | CAQ39: 43.70303294175] | CAR39: [-79.2379834532368 | CAS39: 43.7030008708047] | CAT39: [-79.2379890964534 | CAU39: 43.702972817156] | CAV39: [-79.2380141522633 | CAW39: 43.7029287682641] | CAX39: [-79.2380446868981 | CAY39: 43.70289476004] | CAZ39: [-79.238072432264 | CBA39: 43.702868764358] | CBB39: [-79.2381001407989 | CBC39: 43.7028507896708] | CBD39: [-79.2381305909921 | CBE39: 43.7028388247269] | CBF39: [-79.2381665092304 | CBG39: 43.7028389065541] | CBH39: [-79.23823006863 | CBI39: 43.7028370453115] | CBJ39: [-79.2382605933834 | CBK39: 43.7028050437495] | CBL39: [-79.2383049908197 | CBM39: 43.7027610388952] | CBN39: [-79.2383300331548 | CBO39: 43.702723002855] | CBP39: [-79.2383522970008 | CBQ39: 43.7026849693884] | CBR39: [-79.2383745545586 | CBS39: 43.7026509415434] | CBT39: [-79.2384106300021 | CBU39: 43.7026149465734] | CBV39: [-79.2384383618933 | CBW39: 43.7025889514194] | CBX39: [-79.2384936675721 | CBY39: 43.7025790418518] | CBZ39: [-79.2385268019313 | CCA39: 43.7025831319271] | CCB39: [-79.2385599362906 | CCC39: 43.7025872135597] | CCD39: [-79.2385764599019 | CCE39: 43.702599276617] | CCF39: [-79.23860401213 | CCG39: 43.7026173786666] | CCH39: [-79.238634305118 | CCI39: 43.7026414995711] | CCJ39: [-79.2386590096866 | CCK39: 43.7026756345764] | CCL39: [-79.2387029894063 | CCM39: 43.7027278527453] | CCN39: [-79.238752456934 | CCO39: 43.7027881029235] | CCP39: [-79.2388102114203 | CCQ39: 43.7028483634319] | CCR39: [-79.2388928339685 | CCS39: 43.7029106974807] | CCT39: [-79.2389506423537 | CCU39: 43.7029589409922] | CCV39: [-79.239044377062 | CCW39: 43.7030052595844] | CCX39: [-79.2391365594815 | CCY39: 43.7030377214779] | CCZ39: [-79.2392126917019 | CDA39: 43.7030632696368] | CDB39: [-79.2393993957539 | CDC39: 43.7031099174038] | CDD39: [-79.2395111946843 | CDE39: 43.7031224946953] | CDF39: [-79.2396328508282 | CDG39: 43.7031505132055] | CDH39: [-79.2397085662303 | CDI39: 43.703157878258] | CDJ39: [-79.2398288901727 | CDK39: 43.7031673967803] | CDL39: [-79.2399053170404 | CDM39: 43.7031737363997] | CDN39: [-79.2400072623505 | CDO39: 43.7031780725639] | CDP39: [-79.2400851489805 | CDQ39: 43.7031741455331] | CDR39: [-79.2402077833899 | CDS39: 43.7031685462504] | CDT39: [-79.2403684668414 | CDU39: 43.703169631428] | CDV39: [-79.2405972668459 | CDW39: 43.7031333088131] | CDX39: [-79.2408210183186 | CDY39: 43.7030938592242] | CDZ39: [-79.2410189144807 | CEA39: 43.7030425960207] | CEB39: [-79.2411454736295 | CEC39: 43.7029982094818] | CED39: [-79.2412331500996 | CEE39: 43.7029537345888] | CEF39: [-79.2413823818278 | CEG39: 43.7029141160323] | CEH39: [-79.2414505855174 | CEI39: 43.7028766535282] | CEJ39: [-79.2414927686066 | CEK39: 43.7028626526533] | CEL39: [-79.2415966309214 | CEM39: 43.7028252628523] | CEN39: [-79.2416973482344 | CEO39: 43.702771410172] | CEP39: [-79.2418402692978 | CEQ39: 43.7026988410696] | CER39: [-79.2419475020916 | CES39: 43.7026332570834] | CET39: [-79.2420482903715 | CEU39: 43.7025629413174] | CEV39: [-79.2421555653861 | CEW39: 43.702490299227] | CEX39: [-79.242233514 | CEY39: 43.7024481605917] | CEZ39: [-79.2424121727403 | CFA39: 43.7023568681232] | CFB39: [-79.2425609984301 | CFC39: 43.7022786127793] | CFD39: [-79.2425892549373 | CFE39: 43.7022685408034] | CFF39: [-79.2426296279211 | CFG39: 43.7022394412326] | CFH39: [-79.2426653296655 | CFI39: 43.7022148214053] | CFJ39: [-79.2427025540542 | CFK39: 43.7021969393904] | CFL39: [-79.242761444011 | CFM39: 43.7021779799677] | CFN39: [-79.2427909357017 | CFO39: 43.7021578379287] | CFP39: [-79.2429151556375 | CFQ39: 43.7020682939332] | CFR39: [-79.2429958791473 | CFS39: 43.7020123429121] | CFT39: [-79.2430487216456 | CFU39: 43.7019630543535] | CFV39: [-79.2430875558153 | CFW39: 43.7019283428967] | CFX39: [-79.2431185521842 | CFY39: 43.7019216706366] | CFZ39: [-79.2431526252829 | CGA39: 43.7019150139621] | CGB39: [-79.2432179166344 | CGC39: 43.7018500272456] | CGD39: [-79.243278886191 | CGE39: 43.7017771277653] | CGF39: [-79.2432806397025 | CGG39: 43.7017732077865] | CGH39: [-79.2433013395816 | CGI39: 43.7017286527537] | CGJ39: [-79.2433016090761 | CGK39: 43.7016654634697] | CGL39: [-79.2433274221658 | CGM39: 43.7016172033308] | CGN39: [-79.243343124717 | CGO39: 43.7015429059817] | CGP39: [-79.2433585919096 | CGQ39: 43.7015206439704] | CGR39: [-79.2434152567394 | CGS39: 43.701450147655] | CGT39: [-79.2434718910264 | CGU39: 43.7013870860165] | CGV39: [-79.2435540958581 | CGW39: 43.7013389509951] | CGX39: [-79.2436107130772 | CGY39: 43.7012796066263] | CGZ39: [-79.2436519394605 | CHA39: 43.7012276625582] | CHB39: [-79.2438269483459 | CHC39: 43.7010422149252] | CHD39: [-79.2438579770541 | CHE39: 43.7009753776523] | CHF39: [-79.2438838350596 | CHG39: 43.7009196821409] | CHH39: [-79.2438993489645 | CHI39: 43.7008862683163] | CHJ39: [-79.2438995672551 | CHK39: 43.7008379491003] | CHL39: [-79.2439256121102 | CHM39: 43.7007413703004] | CHN39: [-79.2439515644387 | CHO39: 43.7006633687292] | CHP39: [-79.2439363945885 | CHQ39: 43.7006187336394] | CHR39: [-79.243859740447 | CHS39: 43.7005702434034] | CHT39: [-79.2438137502977 | CHU39: 43.7005404000414] | CHV39: [-79.2438139209776 | CHW39: 43.7005032341503] | CHX39: [-79.2438397942544 | CHY39: 43.7004438207622] | CHZ39: [-79.2438707403176 | CIA39: 43.7003992881217] | CIB39: [-79.2439425112173 | CIC39: 43.7003883053037] | CID39: [-79.2440384917138 | CIE39: 43.7003501664442] | CIF39: [-79.2443962556572 | CIG39: 43.7019680562722] | CIH39: [-79.2447308286932 | CII39: 43.7028127082281] | CIJ39: [-79.2451619616391 | CIK39: 43.7038491052956] | CIL39: [-79.2452498833492 | CIM39: 43.7040596068722] | CIN39: [-79.245301137626 | CIO39: 43.7041800057812] | CIP39: [-79.2453369786092 | CIQ39: 43.7042487019792] | CIR39: [-79.2453793009372 | CIS39: 43.704301570132] | CIT39: [-79.2454331252941 | CIU39: 43.7043542667951] | CIV39: [-79.2454803119994 | CIW39: 43.7043952559429] | CIX39: [-79.2455268833586 | CIY39: 43.7044232004755] | CIZ39: [-79.2455562726415 | CJA39: 43.7044417994181] | CJB39: [-79.2456275449761 | CJC39: 43.7044618153548] | CJD39: [-79.2456916433649 | CJE39: 43.7044882415502] | CJF39: [-79.2457489882194 | CJG39: 43.7045065872052] | CJH39: [-79.2458359190877 | CJI39: 43.7045207331626] | CJJ39: [-79.2459298074079 | CJK39: 43.7045357129505] | CJL39: [-79.2459900349562 | CJM39: 43.7045414270499] | CJN39: [-79.2460694262643 | CJO39: 43.7045572569013] | CJP39: [-79.2461601938373 | CJQ39: 43.7045765324801] | CJR39: [-79.2462559255005 | CJS39: 43.7045958905269] | CJT39: [-79.2463221205572 | CJU39: 43.7046194592927] | CJV39: [-79.2463778475458 | CJW39: 43.7046417701573] | CJX39: [-79.2464206864051 | CJY39: 43.7046609664819] | CJZ39: [-79.2464659596988 | CKA39: 43.7046820129459] | CKB39: [-79.2465109275653 | CKC39: 43.7047139232391] | CKD39: [-79.2465527504299 | CKE39: 43.7047501202113] | CKF39: [-79.2465856251761 | CKG39: 43.7047691580475] | CKH39: [-79.2466168578019 | CKI39: 43.7047921448823] | CKJ39: [-79.2466513710751 | CKK39: 43.7048227894359] | CKL39: [-79.2466999474741 | CKM39: 43.7048670752658] | CKN39: [-79.2467368969783 | CKO39: 43.7048995803103] | CKP39: [-79.2467709521108 | CKQ39: 43.7049447154972] | CKR39: [-79.2468012037763 | CKS39: 43.7050002936246] | CKT39: [-79.2468186805001 | CKU39: 43.7050491283547] | CKV39: [-79.2468508123395 | CKW39: 43.7051090846206] | CKX39: [-79.2468802995387 | CKY39: 43.7051900085353] | CKZ39: [-79.2469055053673 | CLA39: 43.7052802842823] | CLB39: [-79.2469559080412 | CLC39: 43.7055423328712] | CLD39: [-79.2469960555479 | CLE39: 43.705764780526] | CLF39: [-79.2470182556135 | CLG39: 43.7058557515525] | CLH39: [-79.2470469109728 | CLI39: 43.7059308851637] | CLJ39: [-79.2470674266972 | CLK39: 43.7059946505044] | CLL39: [-79.2470703156792 | CLM39: 43.7060010391783] | CLN39: [-79.2470959607839 | CLO39: 43.7060578300303] | CLP39: [-79.2471298335583 | CLQ39: 43.706125801959] | CLR39: [-79.2471632059711 | CLS39: 43.7061770930471] | CLT39: [-79.2471971946282 | CLU39: 43.7062414464685] | CLV39: [-79.2472539349165 | CLW39: 43.7063126995268] | CLX39: [-79.2474265102657 | CLY39: 43.7065630917541] | CLZ39: [-79.2474666245348 | CMA39: 43.7066224627126] | CMB39: [-79.2474983925565 | CMC39: 43.7066777191401] | CMD39: [-79.2475185561413 | CME39: 43.7067367672434] | CMF39: [-79.2475349971077 | CMG39: 43.7067870493233] | CMH39: [-79.2475425321763 | CMI39: 43.7068513163719] | CMJ39: [-79.2475429732491 | CMK39: 43.7069027782749] | CML39: [-79.2475354992659 | CMM39: 43.7069512153351] | CMN39: [-79.2475245865318 | CMO39: 43.7070148120512] | CMP39: [-79.2475164280324 | CMQ39: 43.7070694044549] | CMR39: [-79.2474847112147 | CMS39: 43.7071112716499] | CMT39: [-79.2474465121539 | CMU39: 43.7071689757697] | CMV39: [-79.2474016736448 | CMW39: 43.707214971617] | CMX39: [-79.247351758756 | CMY39: 43.7072645298933] | CMZ39: [-79.2472904532294 | CNA39: 43.7073106074882] | CNB39: [-79.247224047967 | CNC39: 43.7073602377659] | CND39: [-79.2471549747082 | CNE39: 43.7074152629861] | CNF39: [-79.2469802416056 | CNG39: 43.7075478873522] | CNH39: [-79.2468638846236 | CNI39: 43.7076314677932] | CNJ39: [-79.2467874963833 | CNK39: 43.7076850992182] | CNL39: [-79.2467761335933 | CNM39: 43.7076930669776] | CNN39: [-79.2470868797147 | CNO39: 43.7084389432695] | CNP39: [-79.247418934773 | CNQ39: 43.7092298896427] | CNR39: [-79.247823168566 | CNS39: 43.7101927560073] | CNT39: [-79.2479012339608 | CNU39: 43.7103994983573] | CNV39: [-79.2481165233035 | CNW39: 43.7109520112361] | CNX39: [-79.2481904816008 | CNY39: 43.7111296888278] | CNZ39: [-79.2483648841233 | COA39: 43.7115822331204] | COB39: [-79.2484291693617 | COC39: 43.7117382220327] | COD39: [-79.2485168799677 | COE39: 43.7119510704797] | COF39: [-79.2492802260754 | COG39: 43.7137836571926] | COH39: [-79.2499424093056 | COI39: 43.7153548371505] | COJ39: [-79.2501505282957 | COK39: 43.7158825855981] | COL39: [-79.2506934916129 | COM39: 43.7171698980147] | CON39: [-79.2508660166565 | COO39: 43.7175868879239] | COP39: [-79.2510626336177 | COQ39: 43.7181147894156] | COR39: [-79.2512252116161 | COS39: 43.7185975743694] | COT39: [-79.2513026508852 | COU39: 43.7187723946722] | COV39: [-79.2524704508731 | COW39: 43.7184958898973] | COX39: [-79.2530442084383 | COY39: 43.7183621126606] | COZ39: [-79.2536303483814 | CPA39: 43.718237351328] | CPB39: [-79.2538725979624 | CPC39: 43.7181748546721] | CPD39: [-79.2542785664022 | CPE39: 43.7180968777333] | CPF39: [-79.2542305658233 | CPG39: 43.7181688743791] | CPH39: [-79.2540178950697 | CPI39: 43.7184912646255] | CPJ39: [-79.2533824196512 | CPK39: 43.7194545230146] | CPL39: [-79.2532311226961 | CPM39: 43.7196868069496] | CPN39: [-79.2526261073523 | CPO39: 43.7206008365095] | CPP39: [-79.2523150980245 | CPQ39: 43.7210741772952] | CPR39: [-79.251351668357 | CPS39: 43.7225427276209] | CPT39: [-79.2504263218677 | CPU39: 43.7239244721431] | CPV39: [-79.2488576513792 | CPW39: 43.7262667148757] | CPX39: [-79.2482461385209 | CPY39: 43.727179768985] | CPZ39: [-79.2481730300298 | CQA39: 43.7272894226984] | CQB39: [-79.2481037618366 | CQC39: 43.7274004718955] | CQD39: [-79.2480323385849 | CQE39: 43.7275106789334] | CQF39: [-79.2479599963568 | CQG39: 43.7276206949176] | CQH39: [-79.2478869354764 | CQI39: 43.7277304471441] | CQJ39: [-79.2478131200112 | CQK39: 43.7278399102973] | CQL39: [-79.2477384224004 | CQM39: 43.7279491376092] | CQN39: [-79.247663141783 | CQO39: 43.7280580485866] | CQP39: [-79.2475869817148 | CQQ39: 43.7281667055494] | CQR39: [-79.2475101883345 | CQS39: 43.7282750007407] | CQT39: [-79.2474325164017 | CQU39: 43.7283831230638] | CQV39: [-79.2473541374949 | CQW39: 43.7284908654425] | CQX39: [-79.2472749887318 | CQY39: 43.7285983635497] | CQZ39: [-79.2471950844856 | CRA39: 43.7287055628591] | CRB39: [-79.2471144858417 | CRC39: 43.7288125256895] | CRD39: [-79.2470330805107 | CRE39: 43.7289191806369] | CRF39: [-79.2469509574257 | CRG39: 43.7290254932988] | CRH39: [-79.2468691083269 | CRI39: 43.7291313189193] | CRJ39: [-79.2467971101535 | CRK39: 43.7292179403206] | CRL39: [-79.2467245280752 | CRM39: 43.7293042818195] | CRN39: [-79.2466510539698 | CRO39: 43.7293903596455] | CRP39: [-79.2465768360593 | CRQ39: 43.729476067342] | CRR39: [-79.2465020108877 | CRS39: 43.7295615113682] | CRT39: [-79.2464264176566 | CRU39: 43.7296465768289] | CRV39: [-79.2463502432154 | CRW39: 43.729731289042] | CRX39: [-79.2462731614758 | CRY39: 43.7298157116235] | CRZ39: [-79.2461955991376 | CSA39: 43.729899719293] | CSB39: [-79.2461171681284 | CSC39: 43.7299834451233] | CSD39: [-79.2460381047054 | CSE39: 43.7300668728874] | CSF39: [-79.24595832263 | CSG39: 43.7301499039194] | CSH39: [-79.2458779099373 | CSI39: 43.7302325096596] | CSJ39: [-79.2457967534396 | CSK39: 43.7303148517415] | CSL39: [-79.2457149771044 | CSM39: 43.7303968873241] | CSN39: [-79.2456324704388 | CSO39: 43.7304784171281] | CSP39: [-79.2455493313593 | CSQ39: 43.7305596930147] | CSR39: [-79.245494614077 | CSS39: 43.7306124983618] | CST39: [-79.2454654484746 | CSU39: 43.730640634494] | CSV39: [-79.2453809592272 | CSW39: 43.7307210708489] | CSX39: [-79.2452956893438 | CSY39: 43.7308012610797] | CSZ39: [-79.2452098616067 | CTA39: 43.7308810195398] | CTB39: [-79.2451233529465 | CTC39: 43.7309604059497] | CTD39: [-79.2450361382105 | CTE39: 43.7310393949954] | CTF39: [-79.2449484285028 | CTG39: 43.7311180684667] | CTH39: [-79.2448598384461 | CTI39: 43.7311962803145] | CTJ39: [-79.2447707776722 | CTK39: 43.7312742122921] | CTL39: [-79.2446809371606 | CTM39: 43.7313516826491] | CTN39: [-79.2445892479162 | CTO39: 43.7314285648106] | CTP39: [-79.2444968292398 | CTQ39: 43.7315051119321] | CTR39: [-79.2444037664713 | CTS39: 43.7315812337885] | CTT39: [-79.2443101081197 | CTU39: 43.7316569135047] | CTV39: [-79.244215682607 | CTW39: 43.7317322322207] | CTX39: [-79.2441208115298 | CTY39: 43.7318070899756] | CTZ39: [-79.2440252846825 | CUA39: 43.7318816036102] | CUB39: [-79.243929138896 | CUC39: 43.7319556491465] | CUD39: [-79.2438323723735 | CUE39: 43.7320293408289] | CUF39: [-79.2437351108794 | CUG39: 43.732102582591] | CUH39: [-79.2436371199533 | CUI39: 43.7321753536634] | CUJ39: [-79.2435386205807 | CUK39: 43.7322477910083] | CUL39: [-79.2434393783014 | CUM39: 43.7323197485792] | CUN39: [-79.2433396545251 | CUO39: 43.7323912646745] | CUP39: [-79.2432394097259 | CUQ39: 43.7324623470852] | CUR39: [-79.2431384597492 | CUS39: 43.7325330406007] | CUT39: [-79.2430369770715 | CUU39: 43.7326032744704] | CUV39: [-79.2429349006075 | CUW39: 43.7326730026102] | CUX39: [-79.242832315697 | CUY39: 43.7327423425084] | CUZ39: [-79.2427291127456 | CVA39: 43.7328112389931] | CVB39: [-79.2426252908549 | CVC39: 43.7328797303625] | CVD39: [-79.2425209982471 | CVE39: 43.7329477062718] | CVF39: [-79.2424160750219 | CVG39: 43.7330152673324] | CVH39: [-79.2423106325705 | CVI39: 43.7330823590219] | CVJ39: [-79.2422047194018 | CVK39: 43.7331490079546] | CVL39: [-79.2420981738193 | CVM39: 43.733215179081] | CVN39: [-79.2419910110941 | CVO39: 43.7332809431538] | CVP39: [-79.2399818678757 | CVQ39: 43.7345511978437] | CVR39: [-79.2399339948576 | CVS39: 43.7345808834214] | CVT39: [-79.2371372761717 | CVU39: 43.7363158982498] | CVV39: [-79.2359778386008 | CVW39: 43.7370350973099] | CVX39: [-79.2342283902463 | CVY39: 43.7381347726041] | CVZ39: [-79.232478976926 | CWA39: 43.7392317472197] | CWB39: [-79.2301213960735 | CWC39: 43.740699083316] | CWD39: [-79.2295121963771 | CWE39: 43.741090546254] | CWF39: [-79.2288954921547 | CWG39: 43.741484392367] | CWH39: [-79.2286760220527 | CWI39: 43.7410264736353] | CWJ39: [-79.2282489791363 | CWK39: 43.7407374204083] | CWL39: [-79.228219497327 | CWM39: 43.7406679249187] | CWN39: [-79.2279311228495 | CWO39: 43.7399895817758] | CWP39: [-79.2270873829138 | CWQ39: 43.7379893623307] | CWR39: [-79.2266605160672 | CWS39: 43.7369802154679] | CWT39: [-79.2262605546617 | CWU39: 43.7360251282294] | CWV39: [-79.2259456789849 | CWW39: 43.7353042852773] | CWX39: [-79.225829143238 | CWY39: 43.734997963745] | CWZ39: [-79.2254207331773 | CXA39: 43.7340338524856] | CXB39: [-79.2250813343916 | CXC39: 43.7332480848183] | CXD39: [-79.2245723031375 | CXE39: 43.732069525632] | CXF39: [-79.2253903809004 | CXG39: 43.7313063447037] | CXH39: [-79.2249310947536 | CXI39: 43.7310588678267] | CXJ39: [-79.2248536896205 | CXK39: 43.7310202635929] | CXL39: [-79.2248223680615 | CXM39: 43.7309856053147] | CXN39: [-79.2247622042936 | CXO39: 43.7309144685727] | CXP39: [-79.224746440657 | CXQ39: 43.7308384146754] | CXR39: [-79.2247414954314 | CXS39: 43.7307499839259] | CXT39: [-79.2247359600126 | CXU39: 43.7306495884607] | CXV39: [-79.2247251416017 | CXW39: 43.7305698751309] | CXX39: [-79.224704733675 | CXY39: 43.7304804436876] | CXZ39: [-79.2246611114848 | CYA39: 43.7304161143468] | CYB39: [-79.2245996137188 | CYC39: 43.7303598528932] | CYD39: [-79.2245304910526 | CYE39: 43.7302909347638] | CYF39: [-79.2244269179953 | CYG39: 43.7302232654716] | CYH39: [-79.2243648372227 | CYI39: 43.7301586580288] | CYJ39: [-79.2242854423212 | CYK39: 43.7301104545865] | CYL39: [-79.224157591395 | CYM39: 43.7300584881177] | CYN39: [-79.2240591845489 | CYO39: 43.7300089142871] | CYP39: [-79.2239773570097 | CYQ39: 43.7299661588537] | CYR39: [-79.2238481469325 | CYS39: 43.7299290683315] | CYT39: [-79.2237149680983 | CYU39: 43.7298941452266] | CYV39: [-79.2235578455686 | CYW39: 43.7298615317019] | CYX39: [-79.2234097618873 | CYY39: 43.7298339541039] | CYZ39: [-79.2232912974575 | CZA39: 43.7298196434001] | CZB39: [-79.2231508593376 | CZC39: 43.7298083394607] | CZD39: [-79.2230373724728 | CZE39: 43.7297939956452] | CZF39: [-79.2228977131922 | CZG39: 43.7297594976416] | CZH39: [-79.2227975151054 | CZI39: 43.7297273364875] | CZJ39: [-79.2226881353381 | CZK39: 43.7296756475143] | CZL39: [-79.222553264078 | CZM39: 43.729622978308] | CZN39: [-79.2224469906849 | CZO39: 43.7295814312828] | CZP39: [-79.2223189735704 | CZQ39: 43.7295149607861] | CZR39: [-79.2222131708945 | CZS39: 43.7294708677859] | CZT39: [-79.2220733562054 | CZU39: 43.7294218497764] | CZV39: [-79.2219329477299 | CZW39: 43.7293645033347] | CZX39: [-79.2218026093687 | CZY39: 43.7293143550945] | CZZ39: [-79.2216407149882 | DAA39: 43.7292538420671] | DAB39: [-79.2214703207484 | DAC39: 43.7291930102527] | DAD39: [-79.2212568109684 | DAE39: 43.7291149710559] | DAF39: [-79.2210865739338 | DAG39: 43.7290686310965] | DAH39: [-79.2209504153879 | DAI39: 43.7290344546475] | DAJ39: [-79.2208149332734 | DAK39: 43.7289698465715] | DAL39: [-79.220698324763 | DAM39: 43.7288956973762] | DAN39: [-79.2205720180407 | DAO39: 43.7288009469736] | DAP39: [-79.2204462628841 | DAQ39: 43.7287108890642] | DAR39: [-79.2203009271492 | DAS39: 43.728611151008] | DAT39: [-79.2201744955612 | DAU39: 43.7285515584042] | DAV39: [-79.2200736875184 | DAW39: 43.7285074400274] | DAX39: [-79.2199116008984 | DAY39: 43.7284784551111] | DAZ39: [-79.2198629912617 | DBA39: 43.7284601888488] | DBB39: [-79.2197657153945 | DBC39: 43.7284200392743] | DBD39: [-79.2196311028492 | DBE39: 43.7283875482844] | DBF39: [-79.2196095414858 | DBG39: 43.7283823375984] | DBH39: [-79.2194647860626 | DBI39: 43.7283369759834] | DBJ39: [-79.2192943846363 | DBK39: 43.7282761237634] | DBL39: [-79.2191256100591 | DBM39: 43.7282257967458] | DBN39: [-79.2189928749927 | DBO39: 43.7281847219796] | DBP39: [-79.2187618938786 | DBQ39: 43.7281546119348] | DBR39: [-79.2185562766966 | DBS39: 43.7281181460693] | DBT39: [-79.2184564954281 | DBU39: 43.7280565750196] | DBV39: [-79.2183356154285 | DBW39: 43.7279837093602] | DBX39: [-79.2182048135366 | DBY39: 43.7279251216653] | DBZ39: [-79.2180471062037 | DCA39: 43.7278920312413] | DCB39: [-79.217917453257 | DCC39: 43.7278876241602] | DCD39: [-79.217765224749 | DCE39: 43.7278614783287]]]] | DCF39: ""type"": ""MultiPolygon""}"
A40: 38 | B40: Downtown Yonge East | C40: 1195.2493 | D40: 973.45807 | E40: 822.95691 | F40: 1053.2513 | G40: 1135.8145 | H40: 954.64044 | I40: 544.87177 | J40: 833.62982 | K40: 837.08026 | L40: 908.80878 | M40: 597.60956 | N40: 433.93448
A41: 798] | B41: [-79.2759256722489 | C41: [-79.2772430120872 | D41: 43.6730547924059] | E41: [-79.2772982396125 | F41: 43.672959657429] | G41: [-79.2773534285104 | H41: 43.6728749000484] | I41: [-79.2773968018672 | J41: 43.6727589579277] | K41: [-79.2774497117391 | L41: 43.6726395686661] | M41: [-79.2775003048559 | N41: 43.6725097864145] | O41: 43.691202461247] | P41: [-79.2784932765199 | Q41: 43.6913875424406] | R41: [-79.278104947399 | S41: 43.6914993148649] | T41: [-79.2778855823998 | U41: 43.6915619341706] | V41: [-79.2774778838048 | W41: 43.6916983115889] | X41: [-79.277241062743 | Y41: 43.691774352165] | Z41: [-79.2770220795279 | AA41: 43.6918536409978] | AB41: [-79.2763053874246 | AC41: 43.692114232252] | AD41: [-79.2753428470892 | AE41: 43.6925198425853] | AF41: [-79.2744686327058 | AG41: 43.6929120172632] | AH41: [-79.2736989211361 | AI41: 43.6932979292546] | AJ41: [-79.2732990459688 | AK41: 43.6935318909615] | AL41: [-79.2730529093776 | AM41: 43.6936566283795] | AN41: [-79.2725803739786 | AO41: 43.6939257003539] | AP41: [-79.2721017039845 | AQ41: 43.6942116637129] | AR41: [-79.2716582937637 | AS41: 43.6945149956062] | AT41: [-79.2712683458786 | AU41: 43.6947766580279] | AV41: [-79.2710720738705 | AW41: 43.6949138491134] | AX41: [-79.2706176556941 | AY41: 43.6952547083963] | AZ41: [-79.2700890115225 | BA41: 43.6956631325541] | BB41: [-79.269863522708 | BC41: 43.6958478895218] | BD41: [-79.2691026451708 | BE41: 43.6965457554909] | BF41: [-79.2684241009243 | BG41: 43.6972312614826] | BH41: [-79.2673856511508 | BI41: 43.698454281575] | BJ41: [-79.2667445414989 | BK41: 43.69931376799] | BL41: [-79.2662588996799 | BM41: 43.7000569753842] | BN41: [-79.2659338649556 | BO41: 43.7005675553453] | BP41: [-79.2658303332208 | BQ41: 43.7007166654301] | BR41: [-79.2657762142164 | BS41: 43.7008187645404] | BT41: [-79.2656306952253 | BU41: 43.7009998512148] | BV41: [-79.2626858937564 | BW41: 43.7054678053061] | BX41: [-79.2625408257195 | BY41: 43.7056865588532] | BZ41: [-79.2591678692199 | CA41: 43.7107618613254] | CB41: [-79.2589234394277 | CC41: 43.7111296862304] | CD41: [-79.2576164670462 | CE41: 43.7131526201987] | CF41: [-79.257467229928 | CG41: 43.7133835909905] | CH41: [-79.2565815674147 | CI41: 43.7146667912244] | CJ41: [-79.2565357802846 | CK41: 43.7147331230161] | CL41: [-79.2565307488207 | CM41: 43.7147405743002] | CN41: [-79.2553924539983 | CO41: 43.7164259613322] | CP41: [-79.2542785664022 | CQ41: 43.7180968777333] | CR41: [-79.2538725979624 | CS41: 43.7181748546721] | CT41: [-79.2536303483814 | CU41: 43.718237351328] | CV41: [-79.2530442084383 | CW41: 43.7183621126606] | CX41: [-79.2524704508731 | CY41: 43.7184958898973] | CZ41: [-79.2513026508852 | DA41: 43.7187723946722] | DB41: [-79.2512252116161 | DC41: 43.7185975743694] | DD41: [-79.2510626336177 | DE41: 43.7181147894156] | DF41: [-79.2508660166565 | DG41: 43.7175868879239] | DH41: [-79.2506934916129 | DI41: 43.7171698980147] | DJ41: [-79.2501505282957 | DK41: 43.7158825855981] | DL41: [-79.2499424093056 | DM41: 43.7153548371505] | DN41: [-79.2492802260754 | DO41: 43.7137836571926] | DP41: [-79.2485168799677 | DQ41: 43.7119510704797] | DR41: [-79.2484291693617 | DS41: 43.7117382220327] | DT41: [-79.2483648841233 | DU41: 43.7115822331204] | DV41: [-79.2481904816008 | DW41: 43.7111296888278] | DX41: [-79.2481165233035 | DY41: 43.7109520112361] | DZ41: [-79.2479012339608 | EA41: 43.7103994983573] | EB41: [-79.247823168566 | EC41: 43.7101927560073] | ED41: [-79.247418934773 | EE41: 43.7092298896427] | EF41: [-79.2470868797147 | EG41: 43.7084389432695] | EH41: [-79.2467761335933 | EI41: 43.7076930669776] | EJ41: [-79.2467874963833 | EK41: 43.7076850992182] | EL41: [-79.2468638846236 | EM41: 43.7076314677932] | EN41: [-79.2469802416056 | EO41: 43.7075478873522] | EP41: [-79.2471549747082 | EQ41: 43.7074152629861] | ER41: [-79.247224047967 | ES41: 43.7073602377659] | ET41: [-79.2472904532294 | EU41: 43.7073106074882] | EV41: [-79.247351758756 | EW41: 43.7072645298933] | EX41: [-79.2474016736448 | EY41: 43.707214971617] | EZ41: [-79.2474465121539 | FA41: 43.7071689757697] | FB41: [-79.2474847112147 | FC41: 43.7071112716499] | FD41: [-79.2475164280324 | FE41: 43.7070694044549] | FF41: [-79.2475245865318 | FG41: 43.7070148120512] | FH41: [-79.2475354992659 | FI41: 43.7069512153351] | FJ41: [-79.2475429732491 | FK41: 43.7069027782749] | FL41: [-79.2475425321763 | FM41: 43.7068513163719] | FN41: [-79.2475349971077 | FO41: 43.7067870493233] | FP41: [-79.2475185561413 | FQ41: 43.7067367672434] | FR41: [-79.2474983925565 | FS41: 43.7066777191401] | FT41: [-79.2474666245348 | FU41: 43.7066224627126] | FV41: [-79.2474265102657 | FW41: 43.7065630917541] | FX41: [-79.2472539349165 | FY41: 43.7063126995268] | FZ41: [-79.2471971946282 | GA41: 43.7062414464685] | GB41: [-79.2471632059711 | GC41: 43.7061770930471] | GD41: [-79.2471298335583 | GE41: 43.706125801959] | GF41: [-79.2470959607839 | GG41: 43.7060578300303] | GH41: [-79.2470703156792 | GI41: 43.7060010391783] | GJ41: [-79.2470674266972 | GK41: 43.7059946505044] | GL41: [-79.2470469109728 | GM41: 43.7059308851637] | GN41: [-79.2470182556135 | GO41: 43.7058557515525] | GP41: [-79.2469960555479 | GQ41: 43.705764780526] | GR41: [-79.2469559080412 | GS41: 43.7055423328712] | GT41: [-79.2469055053673 | GU41: 43.7052802842823] | GV41: [-79.2468802995387 | GW41: 43.7051900085353] | GX41: [-79.2468508123395 | GY41: 43.7051090846206] | GZ41: [-79.2468186805001 | HA41: 43.7050491283547] | HB41: [-79.2468012037763 | HC41: 43.7050002936246] | HD41: [-79.2467709521108 | HE41: 43.7049447154972] | HF41: [-79.2467368969783 | HG41: 43.7048995803103] | HH41: [-79.2466999474741 | HI41: 43.7048670752658] | HJ41: [-79.2466513710751 | HK41: 43.7048227894359] | HL41: [-79.2466168578019 | HM41: 43.7047921448823] | HN41: [-79.2465856251761 | HO41: 43.7047691580475] | HP41: [-79.2465527504299 | HQ41: 43.7047501202113] | HR41: [-79.2465109275653 | HS41: 43.7047139232391] | HT41: [-79.2464659596988 | HU41: 43.7046820129459] | HV41: [-79.2464206864051 | HW41: 43.7046609664819] | HX41: [-79.2463778475458 | HY41: 43.7046417701573] | HZ41: [-79.2463221205572 | IA41: 43.7046194592927] | IB41: [-79.2462559255005 | IC41: 43.7045958905269] | ID41: [-79.2461601938373 | IE41: 43.7045765324801] | IF41: [-79.2460694262643 | IG41: 43.7045572569013] | IH41: [-79.2459900349562 | II41: 43.7045414270499] | IJ41: [-79.2459298074079 | IK41: 43.7045357129505] | IL41: [-79.2458359190877 | IM41: 43.7045207331626] | IN41: [-79.2457489882194 | IO41: 43.7045065872052] | IP41: [-79.2456916433649 | IQ41: 43.7044882415502] | IR41: [-79.2456275449761 | IS41: 43.7044618153548] | IT41: [-79.2455562726415 | IU41: 43.7044417994181] | IV41: [-79.2455268833586 | IW41: 43.7044232004755] | IX41: [-79.2454803119994 | IY41: 43.7043952559429] | IZ41: [-79.2454331252941 | JA41: 43.7043542667951] | JB41: [-79.2453793009372 | JC41: 43.704301570132] | JD41: [-79.2453369786092 | JE41: 43.7042487019792] | JF41: [-79.245301137626 | JG41: 43.7041800057812] | JH41: [-79.2452498833492 | JI41: 43.7040596068722] | JJ41: [-79.2451619616391 | JK41: 43.7038491052956] | JL41: [-79.2447308286932 | JM41: 43.7028127082281] | JN41: [-79.2443962556572 | JO41: 43.7019680562722] | JP41: [-79.2440384917138 | JQ41: 43.7003501664442] | JR41: [-79.2441358466327 | JS41: 43.7002891929273] | JT41: [-79.2443208124447 | JU41: 43.700209253458] | JV41: [-79.2444442149136 | JW41: 43.7001321539314] | JX41: [-79.2445017591941 | JY41: 43.7001084742936] | JZ41: [-79.2445428894576 | KA41: 43.7000817870364] | KB41: [-79.2446621470998 | KC41: 43.7000136082233] | KD41: [-79.244744444458 | KE41: 43.6999572545721] | KF41: [-79.2448431558329 | KG41: 43.6998979594931] | KH41: [-79.2449090391742 | KI41: 43.699841559622] | KJ41: [-79.2449665834547 | KK41: 43.6998178889618] | KL41: [-79.2449953681713 | KM41: 43.6998030742555] | KN41: [-79.2450693632996 | KO41: 43.6997675218028] | KP41: [-79.2451474906781 | KQ41: 43.6997230678936] | KR41: [-79.2452296613738 | KS41: 43.6996964629457] | KT41: [-79.2452996113884 | KU41: 43.6996490110938] | KV41: [-79.2453694006044 | KW41: 43.6996342879191] | KX41: [-79.2454558032634 | KY41: 43.6995779345609] | KZ41: [-79.2455832472528 | LA41: 43.6995127517728] | LB41: [-79.245649016508 | LC41: 43.6994861097125] | LD41: [-79.245739399602 | LE41: 43.6994535828985] | LF41: [-79.2457723776544 | LG41: 43.6994209183816] | LH41: [-79.2458463844608 | LI41: 43.6993824041687] | LJ41: [-79.2459943235133 | LK41: 43.6993261954034] | LL41: [-79.2460888756886 | LM41: 43.6992787893701] | LN41: [-79.2461792956135 | LO41: 43.6992432814194] | LP41: [-79.2462779297334 | LQ41: 43.6992048132043] | LR41: [-79.2464053081457 | LS41: 43.6991574882578] | LT41: [-79.2464423681428 | LU41: 43.6991248424139] | LV41: [-79.246512217546 | LW41: 43.6991011890062] | LX41: [-79.2465409896862 | LY41: 43.6990863643809] | LZ41: [-79.2465943873433 | MA41: 43.6990716033991] | MB41: [-79.2466313961364 | MC41: 43.6990508654087] | MD41: [-79.2466560728573 | ME41: 43.6990390120634] | MF41: [-79.2467012212851 | MG41: 43.6990331617018] | MH41: [-79.2467217531793 | MI41: 43.6990272574343] | MJ41: [-79.2467178095752 | MK41: 43.6989885520264]]]] | ML41: ""type"": ""MultiPolygon""}"
A42: 105 | B42: Dufferin Grove | C42: 189.86298 | D42: 329.73373 | E42: 342.63339 | F42: 343.2775 | G42: 228.51547 | H42: 360.03601 | I42: 297.76675 | J42: 235.05708 | K42: 306.57056 | L42: 468.04388 | M42: 380.1077 | N42: 206.72656
A43: 94 | B43: East End-Danforth | C43: 185.53737 | D43: 213.23938 | E43: 231.32399 | F43: 169.97675 | G43: 197.90659 | H43: 134.83537 | I43: 212.22227 | J43: 182.22839 | K43: 191.00981 | L43: 110.74651 | M43: 95.850471 | N43: 63.699341
A44: 15 | B44: East L'Amoreaux | D44: 8.8873091 | E44: 8.9389467 | F44: 8.8932371 | G44: 17.618816 | H44: 8.7692375 | I44: 4.3932872 | J44: 8.8350925 | K44: 13.091861 | L44: 29.731565 | M44: 12.504169 | N44: 4.1827002
A45: 11 | B45: East Willowdale | C45: 44.264576 | D45: 62.664494 | E45: 86.505188 | F45: 36.898098 | G45: 6.0997925 | H45: 24.289532 | I45: 97.531242 | J45: 73.814354 | K45: 42.201725 | L45: 52.475075 | M45: 39.82024 | N45: 5.6756911
A46: 146 | B46: Edenbridge-Humber Valley | C46: 19.379845 | D46: 70.821533 | E46: 31.334211 | F46: 68.459045 | G46: 18.505953 | H46: 6.1330881 | I46: 24.627508 | J46: 37.264767 | K46: 11.982506 | L46: 11.393414 | M46: 10.948706
A47: 25 | B47: Eglinton East | C47: 4.3333187 | D47: 13.063357 | E47: 8.5291481 | F47: 21.130928 | G47: 4.1788549 | H47: 20.761534 | I47: 45.673477 | J47: 8.3270884 | K47: 28.656815 | L47: 63.419083 | M47: 58.011372 | N47: 23.153507
A48: 150 | B48: Elms-Old Rexdale | C48: 10.185374 | D48: 40.992008 | E48: 20.529665 | F48: 30.61537 | G48: 20.236771 | H48: 10.077598 | I48: 20.222446 | K48: 20.277805 | L48: 59.529716 | M48: 49.029221 | N48: 9.9078569
A49: 121 | B49: Englemount-Lawrence | C49: 26.711781 | D49: 120.19765 | E49: 78.186081 | F49: 26.086956 | G49: 52.060738 | H49: 43.489605 | I49: 144.7813 | J49: 57.754677 | K49: 30.617155 | L49: 38.211693 | M49: 45.652626 | N49: 24.917978
B50: [-79.4781857638066 | C50: [-79.478007830905 | D50: 43.6205439755338] | E50: [-79.4780349986542 | F50: 43.6205555387389] | G50: [-79.4780754354183 | H50: 43.6205723974342] | I50: [-79.4781205056928 | J50: 43.620589742558] | K50: [-79.4781748537675 | L50: 43.6206119051865] | M50: [-79.4782258223801 | N50: 43.6206310074407] | O50: 43.6186112599915] | P50: [-79.4787835261528 | Q50: 43.6184852291509] | R50: [-79.4787378935331 | S50: 43.6183456990179] | T50: [-79.4786601155991 | U50: 43.6181881600552] | V50: [-79.4785153511928 | W50: 43.6180486110233] | X50: [-79.4783407708038 | Y50: 43.6179270579005] | Z50: [-79.4781321002481 | AA50: 43.6178280031128] | AB50: [-79.4779307976744 | AC50: 43.6177379508584] | AD50: [-79.4777558435864 | AE50: 43.6176299002017] | AF50: [-79.47759440555 | AG50: 43.6175578563507] | AH50: [-79.4775030531738 | AI50: 43.6174993298443] | AJ50: [-79.4774008689119 | AK50: 43.6174137957043] | AL50: [-79.4773063993817 | AM50: 43.6173744321785] | AN50: [-79.4772772265929 | AO50: 43.6173602038903] | AP50: [-79.4771052315553 | AQ50: 43.6173948790773] | AR50: [-79.4769141392331 | AS50: 43.6174064077694] | AT50: [-79.4767357886149 | AU50: 43.6174688500981] | AV50: [-79.476621098906 | AW50: 43.6175590666423] | AX50: [-79.4765478403962 | AY50: 43.617619207895] | AZ50: [-79.4764968601055 | BA50: 43.6176701005524] | BB50: [-79.4764427051686 | BC50: 43.6177001717811] | BD50: [-79.4762069881364 | BE50: 43.6178574583891] | BF50: [-79.4761050437247 | BG50: 43.6179546160851] | BH50: [-79.4760731840748 | BI50: 43.6179985725827] | BJ50: [-79.4760667961548 | BK50: 43.6180494746741] | BL50: [-79.4760667817818 | BM50: 43.6180841832813] | BN50: [-79.4760508501602 | BO50: 43.6181096277927] | BP50: [-79.476034916742 | BQ50: 43.618139707256] | BR50: [-79.476003050804 | BS50: 43.6181697834525] | BT50: [-79.4759680183045 | BU50: 43.6181859781713] | BV50: [-79.475913878639 | BW50: 43.6182044731305] | BX50: [-79.4758756544253 | BY50: 43.6182090924796] | BZ50: [-79.4758278802219 | CA50: 43.6182067688228] | CB50: [-79.4757769385587 | CC50: 43.6181905650049] | CD50: [-79.4756877681904 | CE50: 43.6181581502023] | CF50: [-79.4755604167275 | CG50: 43.6181164726084] | CH50: [-79.4754553264157 | CI50: 43.6180840720733] | CJ50: [-79.4753534332079 | CK50: 43.6180516539616] | CL50: [-79.4752929316736 | CM50: 43.6180238721046] | CN50: [-79.4751974048262 | CO50: 43.6179960908852] | CP50: [-79.4751305378298 | CQ50: 43.6179613672693] | CR50: [-79.4750604970854 | CS50: 43.617905822319] | CT50: [-79.4749904590359 | CU50: 43.6178410236057] | CV50: [-79.474936338235 | CW50: 43.6177854902504] | CX50: [-79.4749236180906 | CY50: 43.617746151681] | CZ50: [-79.4749236315653 | DA50: 43.6177114428788] | DB50: [-79.4749300122988 | DC50: 43.6176836738715] | DD50: [-79.474942774664 | DE50: 43.6176536039352] | DF50: [-79.4749650753409 | DG50: 43.6176235164246] | DH50: [-79.475006480489 | DI50: 43.617600392136] | DJ50: [-79.475063798394 | DK50: 43.6175911507426] | DL50: [-79.4751243062166 | DM50: 43.6176004181498] | DN50: [-79.4751688940957 | DO50: 43.6176096810033] | DP50: [-79.4752039149171 | DQ50: 43.6176212558286] | DR50: [-79.4752516810357 | DS50: 43.6176420948008] | DT50: [-79.4753206905142 | DU50: 43.6176777733053] | DV50: [-79.4753894772104 | DW50: 43.6176828206209] | DX50: [-79.475465860959 | DY50: 43.6176828271243] | DZ50: [-79.4755575196607 | EA50: 43.6176551049286] | EB50: [-79.4756415399875 | EC50: 43.6176107274071] | ED50: [-79.4757637719516 | EE50: 43.617533071706] | EF50: [-79.4759165717882 | EG50: 43.6173888289031] | EH50: [-79.4760464699749 | EI50: 43.6172223841643] | EJ50: [-79.4761763672633 | EK50: 43.6170559396152] | EL50: [-79.4762451386882 | EM50: 43.6169727168427] | EN50: [-79.476344456426 | EO50: 43.6168728579482] | EP50: [-79.4764972616525 | EQ50: 43.6167341688831] | ER50: [-79.4767494070746 | ES50: 43.6164345723039] | ET50: [-79.4770397578458 | EU50: 43.6160739444026] | EV50: [-79.4771925927167 | EW50: 43.6158187221099] | EX50: [-79.4773530596742 | EY50: 43.6155579550109] | EZ50: [-79.4775059161046 | FA50: 43.6152694452751] | FB50: [-79.4775517876763 | FC50: 43.6151196253129] | FD50: [-79.4775082463345 | FE50: 43.6149670070737] | FF50: [-79.4774234660329 | FG50: 43.6148348947501] | FH50: [-79.4772984403083 | FI50: 43.6147538574159] | FJ50: [-79.4772098188106 | FK50: 43.6146593240189] | FL50: [-79.477048411317 | FM50: 43.6145602768558] | FN50: [-79.4769268890219 | FO50: 43.6144567451711] | FP50: [-79.4770109479763 | FQ50: 43.614330742044] | FR50: [-79.4771511237882 | FS50: 43.6142497482563] | FT50: [-79.4772878195267 | FU50: 43.614200267283] | FV50: [-79.4774616111948 | FW50: 43.6142408081244] | FX50: [-79.4775971058857 | FY50: 43.614290343046] | FZ50: [-79.4778065373144 | GA50: 43.6143398915847] | GB50: [-79.4780093993635 | GC50: 43.6143714265313] | GD50: [-79.4781890264877 | GE50: 43.6144119672575] | GF50: [-79.4782819212712 | GG50: 43.6144479910783] | GH50: [-79.4783059323404 | GI50: 43.6144434943618] | GJ50: [-79.4783175439638 | GK50: 43.6144344957247] | GL50: [-79.4784921908281 | GM50: 43.6143715182348] | GN50: [-79.478621132309 | GO50: 43.6142455227336] | GP50: [-79.4787443128941 | GQ50: 43.6140835198608] | GR50: [-79.4788372840344 | GS50: 43.6139350139715] | GT50: [-79.4789275341777 | GU50: 43.6137685043898] | GV50: [-79.4790158583331 | GW50: 43.6136199970722] | GX50: [-79.4790832885732 | GY50: 43.6134489826731] | GZ50: [-79.4791770250782 | HA50: 43.6133004758672] | HB50: [-79.4792273999044 | HC50: 43.6131519524348] | HD50: [-79.4792812557023 | HE50: 43.6130394539506] | HF50: [-79.4792317396655 | HG50: 43.6129224265563] | HH50: [-79.4791427345872 | HI50: 43.6127918895537] | HJ50: [-79.4790816213001 | HK50: 43.6126478552123] | HL50: [-79.4790077195966 | HM50: 43.6125128207529] | HN50: [-79.4789090315778 | HO50: 43.612400285301] | HP50: [-79.478887406434 | HQ50: 43.6122472569111] | HR50: [-79.4789327381181 | HS50: 43.6120987419344] | HT50: [-79.4790667371141 | HU50: 43.611981747181] | HV50: [-79.4792386351336 | HW50: 43.6119322708456] | HX50: [-79.4794399511821 | HY50: 43.6119278064613] | HZ50: [-79.4796063892413 | IA50: 43.612013350356] | IB50: [-79.4797995387055 | IC50: 43.6121304035842] | ID50: [-79.4799601529867 | IE50: 43.6122969573759] | IF50: [-79.4800444922155 | IG50: 43.612494994605] | IH50: [-79.4801319045808 | II50: 43.6126885401878] | IJ50: [-79.4802236073 | IK50: 43.6128775863629] | IL50: [-79.4802943954427 | IM50: 43.6130711294137] | IN50: [-79.4804294715187 | IO50: 43.6132241765198] | IP50: [-79.4805792566091 | IQ50: 43.6133682153343] | IR50: [-79.4808045675571 | IS50: 43.6134267634221] | IT50: [-79.48104498188 | IU50: 43.6134493072173] | IV50: [-79.4812916008666 | IW50: 43.6134358448094] | IX50: [-79.4815471212592 | IY50: 43.6133998808685] | IZ50: [-79.4817941265213 | JA50: 43.6133774170527] | JB50: [-79.482040372707 | JC50: 43.6133234476668] | JD50: [-79.4822653422952 | JE50: 43.613242470083] | JF50: [-79.4824465414711 | JG50: 43.6131614845855] | JH50: [-79.4826227145731 | JI50: 43.6130669968145] | JJ50: [-79.4827098709186 | JK50: 43.6129319886615] | JL50: [-79.4826917078818 | JM50: 43.6128059660797] | JN50: [-79.4826715919077 | JO50: 43.612666450085] | JP50: [-79.4827018354884 | JQ50: 43.6125269324658] | JR50: [-79.4827924710089 | JS50: 43.612400926596] | JT50: [-79.4829248871734 | JU50: 43.6123379359197] | JV50: [-79.4830750890822 | JW50: 43.6123784643583] | JX50: [-79.4832008963411 | JY50: 43.612472998739] | JZ50: [-79.4832941630272 | KA50: 43.6125900309103] | KB50: [-79.4833432873985 | KC50: 43.6127160487414] | KD50: [-79.4834300035695 | KE50: 43.6128240776592] | KF50: [-79.483577082036 | KG50: 43.6129231153245] | KH50: [-79.4837311556836 | KI50: 43.6129951484685] | KJ50: [-79.4838863872597 | KK50: 43.6130401771883] | KL50: [-79.4840331135866 | KM50: 43.6130716939551] | KN50: [-79.4841322112372 | KO50: 43.6131257260046] | KP50: [-79.4841809726891 | KQ50: 43.6132202383982] | KR50: [-79.4841476487853 | KS50: 43.6133102479886] | KT50: [-79.4840779485024 | KU50: 43.613400252241] | KV50: [-79.4839989443681 | KW50: 43.6134947563986] | KX50: [-79.4839203327976 | KY50: 43.6136027624548] | KZ50: [-79.4838269879581 | LA50: 43.6137152663891] | LB50: [-79.4837367575777 | LC50: 43.6138097694012] | LD50: [-79.4836774966168 | LE50: 43.613922269046] | LF50: [-79.483620943178 | LG50: 43.6140482808337] | LH50: [-79.4835388335678 | LI50: 43.6141607871864] | LJ50: [-79.483486915436 | LK50: 43.6142822984938] | LL50: [-79.4834632789642 | LM50: 43.6144083153803] | LN50: [-79.4834307365947 | LO50: 43.6145298294394] | LP50: [-79.4833788175646 | LQ50: 43.6146513413018] | LR50: [-79.4833276863569 | LS50: 43.6147458493467] | LT50: [-79.4832475287858 | LU50: 43.6147863429934] | LV50: [-79.4831499807291 | LW50: 43.6147683263092] | LX50: [-79.4831046912657 | LY50: 43.6147053101464] | LZ50: [-79.4830985261279 | MA50: 43.6146017923693] | MB50: [-79.483097395149 | MC50: 43.6144802732527] | MD50: [-79.4830862030389 | ME50: 43.6143632525644] | MF50: [-79.4830587415406 | MG50: 43.6142552322649] | MH50: [-79.4829518914292 | MI50: 43.6141922149141] | MJ50: [-79.4828345804362 | MK50: 43.6141876967158] | ML50: [-79.4828311192274 | MM50: 43.6141156845117] | MN50: [-79.4828443181739 | MO50: 43.6140121702724] | MP50: [-79.482704173803 | MQ50: 43.6139671422803] | MR50: [-79.4825303444057 | MS50: 43.6139626149598] | MT50: [-79.4823383097508 | MU50: 43.6139760876559] | MV50: [-79.4821733736747 | MW50: 43.613976062291] | MX50: [-79.4820297276709 | MY50: 43.6140435505998] | MZ50: [-79.4819348700685 | NA50: 43.6141065459934] | NB50: [-79.4817811557469 | NC50: 43.6141155219162] | ND50: [-79.4816174063454 | NE50: 43.6140839913881] | NF50: [-79.4814702757765 | NG50: 43.6140749660315] | NH50: [-79.4813038098696 | NI50: 43.6140569361265] | NJ50: [-79.4811601701539 | NK50: 43.6140569218181] | NL50: [-79.4810192487404 | NM50: 43.6140433958087] | NN50: [-79.4808419383713 | NO50: 43.6140343645925] | NP50: [-79.4806828099035 | NQ50: 43.6140433398758] | NR50: [-79.4805259972926 | NS50: 43.6140568151553] | NT50: [-79.4804268771842 | NU50: 43.6141153079406] | NV50: [-79.4803807810336 | NW50: 43.6142233167846] | NX50: [-79.4803563450613 | NY50: 43.6143493331443] | NZ50: [-79.4803311356395 | OA50: 43.6144933510534] | OB50: [-79.4802896640161 | OC50: 43.6146238642011] | OD50: [-79.4802555603746 | OE50: 43.6147633808578] | OF50: [-79.4802013156062 | OG50: 43.614889390883] | OH50: [-79.4801764924599 | OI50: 43.6150244076491] | OJ50: [-79.4801222494882 | OK50: 43.6151459178617] | OL50: [-79.480108652588 | OM50: 43.6152764445517] | ON50: [-79.4801078450026 | OO50: 43.6153979640106] | OP50: [-79.4801310520796 | OQ50: 43.6154699701266] | OR50: [-79.480249139217 | OS50: 43.6154924936449] | OT50: [-79.4803737939374 | OU50: 43.6155150191059] | OV50: [-79.4804705820194 | OW50: 43.6155465410793] | OX50: [-79.4805328927607 | OY50: 43.6156095615635] | OZ50: [-79.4805510746621 | PA50: 43.6157040791586] | PB50: [-79.4805293614833 | PC50: 43.6158030912693] | PD50: [-79.4804879141144 | PE50: 43.6158930976442] | PF50: [-79.4804627163707 | PG50: 43.6160011202045] | PH50: [-79.4804526067305 | PI50: 43.616113635911] | PJ50: [-79.4804297329284 | PK50: 43.6161991452358] | PL50: [-79.4803623772484 | PM50: 43.6162171361272] | PN50: [-79.4802833820973 | PO50: 43.61621712312] | PP50: [-79.4801804127079 | PQ50: 43.6161810997086] | PR50: [-79.4800638661812 | PS50: 43.616176578408] | PT50: [-79.4799635755679 | PU50: 43.6162395709168] | PV50: [-79.4798690916647 | PW50: 43.6163205672274] | PX50: [-79.479774196333 | PY50: 43.6164060639011] | PZ50: [-79.4796746665928 | QA50: 43.6164915598029] | QB50: [-79.4795410691437 | QC50: 43.6165680572653] | QD50: [-79.4794446358963 | QE50: 43.6166535529367] | QF50: [-79.4793439383462 | QG50: 43.6167480493803] | QH50: [-79.4792153777509 | QI50: 43.616833539593] | QJ50: [-79.4790748039854 | QK50: 43.6169100262147] | QL50: [-79.4789543533805 | QM50: 43.617009020081] | QN50: [-79.4788501748587 | QO50: 43.6170990142452] | QP50: [-79.4788780405988 | QQ50: 43.6171620298506] | QR50: [-79.4789984130502 | QS50: 43.6172520667088] | QT50: [-79.4791331351901 | QU50: 43.6173376043306] | QV50: [-79.4792550761 | QW50: 43.6174411427616] | QX50: [-79.4793897676971 | QY50: 43.6175446829654] | QZ50: [-79.4795295177075 | RA50: 43.6176392235326] | RB50: [-79.4796650007203 | RC50: 43.6177472644175] | RD50: [-79.4797931301242 | RE50: 43.6178418020648] | RF50: [-79.479939465684 | RG50: 43.6179543461938] | RH50: [-79.4800815207715 | RI50: 43.6180533858155] | RJ50: [-79.4802204919426 | RK50: 43.6181479249326] | RL50: [-79.4803486402111 | RM50: 43.6182289596439] | RN50: [-79.4804605029219 | RO50: 43.6183234848278] | RP50: [-79.4805646329346 | RQ50: 43.6183865219117] | RR50: [-79.4806347356628 | RS50: 43.618346018333] | RT50: [-79.4807326951479 | RU50: 43.6182920169873] | RV50: [-79.4808391940181 | RW50: 43.6182335347681] | RX50: [-79.4809449203371 | RY50: 43.6181840447164] | RZ50: [-79.4810541321195 | SA50: 43.6181210529439] | SB50: [-79.4811788218742 | SC50: 43.6180490617085] | SD50: [-79.4812419455909 | SE50: 43.6179770612822] | SF50: [-79.4812342066047 | SG50: 43.6179230518011] | SH50: [-79.481234626118 | SI50: 43.6178510401681] | SJ50: [-79.4813147666211 | SK50: 43.6178420524464] | SL50: [-79.4813755286669 | SM50: 43.6179140725446] | SN50: [-79.4814506386044 | SO50: 43.6179860964586] | SP50: [-79.4815621410908 | SQ50: 43.6180491247915] | SR50: [-79.481650006207 | SS50: 43.6181031471661] | ST50: [-79.4816496217281 | SU50: 43.6181039217198] | SV50: [-79.4816725449375 | SW50: 43.6181404252297] | SX50: [-79.4815575291401 | SY50: 43.6182193047322] | SZ50: [-79.4814936337706 | TA50: 43.6182598994435] | TB50: [-79.4814409161381 | TC50: 43.6182993436817] | TD50: [-79.4813961890201 | TE50: 43.6183353066436] | TF50: [-79.4812827578509 | TG50: 43.6184594362188] | TH50: [-79.4812396135644 | TI50: 43.6185046878138] | TJ50: [-79.4812252432148 | TK50: 43.6185394943587] | TL50: [-79.4813928966946 | TM50: 43.6186868748573] | TN50: [-79.4814743622128 | TO50: 43.6186427985512] | TP50: [-79.481491934158 | TQ50: 43.6186346732896] | TR50: [-79.4815366522929 | TS50: 43.6186242386935] | TT50: [-79.4815558178495 | TU50: 43.6186323698096] | TV50: [-79.4815845567521 | TW50: 43.6186509355177] | TX50: [-79.4816021215108 | TY50: 43.6186660251915] | TZ50: [-79.4816132920614 | UA50: 43.6186822652999] | UB50: [-79.4816069014464 | UC50: 43.6187112759807] | UD50: [-79.4816348336619 | UE50: 43.6187768372454] | UF50: [-79.4822666340725 | UG50: 43.6185448628669] | UH50: [-79.4825365796121 | UI50: 43.6184453304503] | UJ50: [-79.483141407208 | UK50: 43.6184047891917] | UL50: [-79.4831417674324 | UM50: 43.6184045277569] | UN50: [-79.4832964941553 | UO50: 43.6183133759963] | UP50: [-79.4833350570338 | UQ50: 43.6182926692752] | UR50: [-79.4834213186573 | US50: 43.6182404550088] | UT50: [-79.4835491040064 | UU50: 43.6181650509415] | UV50: [-79.483549111193 | UW50: 43.618134886947] | UX50: [-79.4835682821395 | UY50: 43.6181221260028] | UZ50: [-79.483593835616 | VA50: 43.6181035685857] | VB50: [-79.4836114120529 | VC50: 43.6180768825742] | VD50: [-79.4836353692232 | VE50: 43.6180478735383] | VF50: [-79.4836721139116 | VG50: 43.6180153929745] | VH50: [-79.4837072470223 | VI50: 43.6179863956151] | VJ50: [-79.4838030873817 | VK50: 43.6179260726342] | VL50: [-79.4839228894029 | VM50: 43.6178622696156] | VN50: [-79.4839676120293 | VO50: 43.6178367476088] | VP50: [-79.4839851812797 | VQ50: 43.617833275434] | VR50: [-79.484010731163 | VS50: 43.6178274730842] | VT50: [-79.4840362909277 | VU50: 43.6178274769863] | VV50: [-79.4840810063677 | VW50: 43.6178274828393] | VX50: [-79.4841559016078 | VY50: 43.6178312827867] | VZ50: [-79.4844166771449 | WA50: 43.6177118883638] | WB50: [-79.4843969330733 | WC50: 43.6176424843568] | WD50: [-79.4847198334005 | WE50: 43.6172620111806] | WF50: [-79.4848021711828 | WG50: 43.6172356928927] | WH50: [-79.4849340079339 | WI50: 43.616895879761] | WJ50: [-79.484891201414 | WK50: 43.6168432252937] | WL50: [-79.4849340357817 | WM50: 43.6167331439257] | WN50: [-79.4849538068028 | WO50: 43.6166996428965] | WP50: [-79.4849966402721 | WQ50: 43.6166350269338] | WR50: [-79.4850337362018 | WS50: 43.6165800608753] | WT50: [-79.4850675191447 | WU50: 43.6164927694656] | WV50: [-79.4850896814811 | WW50: 43.6164541291839] | WX50: [-79.4851162877831 | WY50: 43.6164315839137] | WZ50: [-79.4851606223374 | XA50: 43.6164122637563] | XB50: [-79.4852093927724 | XC50: 43.6163929344877] | XD50: [-79.4853469068761 | XE50: 43.6159227190603] | XF50: [-79.4853291876072 | XG50: 43.6158840641044] | XH50: [-79.4853114557618 | XI50: 43.6158389744287] | XJ50: [-79.4853070414405 | XK50: 43.6158035439225] | XL50: [-79.4853070540169 | XM50: 43.6157552244775] | XN50: [-79.4853159221854 | XO50: 43.6157133598641] | XP50: [-79.4853336639122 | XQ50: 43.6156618294933] | XR50: [-79.4853913114989 | XS50: 43.6155619931359] | XT50: [-79.4854800057602 | XU50: 43.6154106266769] | XV50: [-79.4855819941894 | XW50: 43.6152592539838] | XX50: [-79.4856529494187 | XY50: 43.6151497602527] | XZ50: [-79.4857017342268 | YA50: 43.6150628134149] | YB50: [-79.4857017521931 | YC50: 43.6149887321229] | YD50: [-79.485706205142 | YE50: 43.6149146591944] | YF50: [-79.4857283593935 | YG50: 43.6149082172458] | YH50: [-79.4857549647973 | YI50: 43.6148824487943] | YJ50: [-79.4857727038292 | YK50: 43.6148373635706] | YL50: [-79.4858081809948 | YM50: 43.6147568497917] | YN50: [-79.4858263700826 | YO50: 43.6146953724059] | YP50: [-79.4858256891597 | YQ50: 43.6146946433347] | YR50: [-79.4859259671965 | YS50: 43.6145400019935] | YT50: [-79.4859742642194 | YU50: 43.6143601691159] | YV50: [-79.4859507606983 | YW50: 43.6143107122975] | YX50: [-79.4859380306724 | YY50: 43.6142342802535] | YZ50: [-79.4859361891261 | ZA50: 43.6142141438124] | ZB50: [-79.4859382121321 | ZC50: 43.6142009475816] | ZD50: [-79.4859523399366 | ZE50: 43.6141833515187] | ZF50: [-79.4859503232188 | ZG50: 43.6141716225416] | ZH50: [-79.4859463014613 | ZI50: 43.6141510893467] | ZJ50: [-79.4859382336917 | ZK50: 43.6141041551887] | ZL50: [-79.485936225957 | ZM50: 43.6140542962233] | ZN50: [-79.4859422985684 | ZO50: 43.6139971112995] | ZP50: [-79.4859544114517 | ZQ50: 43.6139575153013] | ZR50: [-79.4859766160088 | ZS50: 43.6138915286336] | ZT50: [-79.4860008471653 | ZU50: 43.6138431309069] | ZV50: [-79.4860270977345 | ZW50: 43.6137962095162] | ZX50: [-79.4861038156564 | ZY50: 43.613725828012] | ZZ50: [-79.486168409017 | AAA50: 43.6136833044447] | AAB50: [-79.4862087909839 | AAC50: 43.6136554496773] | AAD50: [-79.4862511779906 | AAE50: 43.6136363894332] | AAF50: [-79.4862713640333 | AAG50: 43.6136202617798] | AAH50: [-79.486295587105 | AAI50: 43.613605600746] | AAJ50: [-79.4863420102422 | AAK50: 43.6135997375022] | AAL50: [-79.4864066062977 | AAM50: 43.6135997453068] | AAN50: [-79.4864732073928 | AAO50: 43.6136085561068] | AAP50: [-79.4865478870374 | AAQ50: 43.6136129585796] | AAR50: [-79.4866023842324 | AAS50: 43.6136188335292] | AAT50: [-79.4866407297186 | AAU50: 43.6136188374315] | AAV50: [-79.4866411743847 | AAW50: 43.6136187210121] | AAX50: [-79.4866596230857 | AAY50: 43.6136170130949] | AAZ50: [-79.4866726064364 | ABA50: 43.6136136922167] | ABB50: [-79.4866932245689 | ABC50: 43.6136064761676] | ABD50: [-79.4867191930671 | ABE50: 43.6135449098034] | ABF50: [-79.4867291212476 | ABG50: 43.6135204987788] | ABH50: [-79.4867421081917 | ABI50: 43.6135038657424] | ABJ50: [-79.4867563842182 | ABK50: 43.6134890147666] | ABL50: [-79.4867653934222 | ABM50: 43.6134786280568] | ABN50: [-79.4867890730131 | ABO50: 43.6134569915654] | ABP50: [-79.4868058760004 | ABQ50: 43.6134398011277] | ABR50: [-79.4868242043272 | ABS50: 43.613417057009] | ABT50: [-79.4868348879909 | ABU50: 43.6134009722225] | ABV50: [-79.4868486447911 | ABW50: 43.6133760128606] | ABX50: [-79.486863913456 | ABY50: 43.613350496104] | ABZ50: [-79.4868684876774 | ACA50: 43.6133349686844] | ACB50: [-79.4868730753736 | ACC50: 43.6133183251904] | ACD50: [-79.4868730780685 | ACE50: 43.6133077843085] | ACF50: [-79.4868715446443 | ACG50: 43.6132939134234] | ACH50: [-79.4868654396937 | ACI50: 43.6132817250968] | ACJ50: [-79.4868379629241 | ACK50: 43.6132767255407] | ACL50: [-79.4868501845035 | ACM50: 43.6132428902359] | ACN50: [-79.4868165884102 | ACO50: 43.6132351193584] | ACP50: [-79.4868715904584 | ACQ50: 43.6130848013298] | ACR50: [-79.4868830736227 | ACS50: 43.6130873950977] | ACT50: [-79.4869055710307 | ACU50: 43.6130922938585] | ACV50: [-79.4869185507882 | ACW50: 43.6130556786683] | ACX50: [-79.4869452720746 | ACY50: 43.6130617839115] | ACZ50: [-79.4869521477798 | ADA50: 43.6130617845619] | ADB50: [-79.4869704725133 | ADC50: 43.6130568005971] | ADD50: [-79.4869865047462 | ADE50: 43.6130512488382] | ADF50: [-79.486995672952 | ADG50: 43.6130457048836] | ADH50: [-79.4869987218341 | ADI50: 43.613041267248] | ADJ50: [-79.4870147594568 | ADK50: 43.6130118700992] | ADL50: [-79.4870254565952 | ADM50: 43.6129874595086] | ADN50: [-79.4870308024695 | ADO50: 43.612960285382] | ADP50: [-79.4870285144604 | ADQ50: 43.6129386454521] | ADR50: [-79.4870170798052 | ADS50: 43.6128770745018] | ADT50: [-79.4870018309033 | ADU50: 43.6128138378241] | ADV50: [-79.4869766511258 | ADW50: 43.6127250717004] | ADX50: [-79.4869690208358 | ADY50: 43.6127178600974] | ADZ50: [-79.4869537485777 | AEA50: 43.6127078765007] | AEB50: [-79.486940010642 | AEC50: 43.6127023299128] | AED50: [-79.4869178716619 | AEE50: 43.6127001036029] | AEF50: [-79.4869025958104 | AEG50: 43.6127001023021] | AEH50: [-79.4868672264428 | AEI50: 43.6127035455054] | AEJ50: [-79.4868672758501 | AEK50: 43.612703158519] | AEL50: [-79.4868562364536 | AEM50: 43.6127031578686] | AEN50: [-79.4868231092808 | AEO50: 43.6127031539662] | AEP50: [-79.4867596046785 | AEQ50: 43.6127011390354] | AER50: [-79.4867237142879 | AES50: 43.6127011344826] | AET50: [-79.4866823118348 | AEU50: 43.6126951079008] | AEV50: [-79.4866491738823 | AEW50: 43.6126870930535] | AEX50: [-79.4866271004791 | AEY50: 43.6126750457401] | AEZ50: [-79.4866105256638 | AFA50: 43.612665025714] | AFB50: [-79.4865801662005 | AFC50: 43.6126389454111] | AFD50: [-79.4865691294989 | AFE50: 43.6126309142963] | AFF50: [-79.4865525636667 | AFG50: 43.6126389415087] | AFH50: [-79.4865497986523 | AFI50: 43.6126529835994] | AFJ50: [-79.4865497968556 | AFK50: 43.6126630114324] | AFL50: [-79.4865497887708 | AFM50: 43.6126931033761] | AFN50: [-79.4865497761944 | AFO50: 43.6127512605822] | AFP50: [-79.4865552873587 | AFQ50: 43.6128174579286] | AFR50: [-79.486560793133 | AFS50: 43.6128515653382] | AFT50: [-79.4865525115644 | AFU50: 43.6128736267556] | AFV50: [-79.4865386927804 | AFW50: 43.6128976952845] | AFX50: [-79.4865193646288 | AFY50: 43.612905721811] | AFZ50: [-79.4864779549891 | AGA50: 43.6129317948439] | AGB50: [-79.4864448233248 | AGC50: 43.6129478316266] | AGD50: [-79.486417209113 | AGE50: 43.6129478277243] | AGF50: [-79.4863951222351 | AGG50: 43.6129398044555] | AGH50: [-79.4863675205997 | AGI50: 43.6129317811856] | AGJ50: [-79.4863040249805 | AGK50: 43.6128936530784] | AGL50: [-79.48627642604 | AGM50: 43.6128756020066] | AGN50: [-79.4862294926596 | AGO50: 43.6128394998467] | AGP50: [-79.4861908507294 | AGQ50: 43.6127913464727] | AGR50: [-79.4861742929821 | AGS50: 43.6127632610518] | AGT50: [-79.4861770642847 | AGU50: 43.612729163348] | AGV50: [-79.4861798427739 | AGW50: 43.6126589523] | AGX50: [-79.4861826221614 | AGY50: 43.6125867437961] | AGZ50: [-79.4861688527847 | AHA50: 43.61244632844] | AHB50: [-79.4861688653611 | AHC50: 43.6123921670007] | AHD50: [-79.4861799119441 | AHE50: 43.6123580710378] | AHF50: [-79.4862020087035 | AHG50: 43.6123239679011] | AHH50: [-79.4862351430628 | AHI50: 43.6122938887807] | AHJ50: [-79.4862627617662 | AHK50: 43.6122738277869] | AHL50: [-79.4863345479372 | AHM50: 43.6122497668132] | AHN50: [-79.4864008049776 | AHO50: 43.6122357324331] | AHP50: [-79.4864836242569 | AHQ50: 43.6122357421891] | AHR50: [-79.4865526534983 | AHS50: 43.6122397649275] | AHT50: [-79.4866437552445 | AHU50: 43.6122598304854] | AHV50: [-79.4866685927638 | AHW50: 43.6122658551596] | AHX50: [-79.4866796474317 | AHY50: 43.6122498071381] | AHZ50: [-79.4867072553553 | AIA50: 43.612221726017] | AIB50: [-79.4867348812452 | AIC50: 43.612175596853] | AID50: [-79.486759728646 | AIE50: 43.6121354806335] | AIF50: [-79.486781827202 | AIG50: 43.6120953637368] | AIH50: [-79.4867956423927 | AII50: 43.6120311675409] | AIJ50: [-79.4868122297844 | AIK50: 43.6119750096344] | AIL50: [-79.4868094935161 | AIM50: 43.6119088211168] | AIN50: [-79.4867984568145 | AIO50: 43.6118506442342] | AIP50: [-79.4867874246045 | AIQ50: 43.6118225583739] | AIR50: [-79.4867542992284 | AIS50: 43.6118085115365] | AIT50: [-79.4867349737717 | AIU50: 43.6118044952733] | AIV50: [-79.4866742368787 | AIW50: 43.6117864399722] | AIX50: [-79.4865752048051 | AIY50: 43.6117749967068] | AIZ50: [-79.4865472824712 | AJA50: 43.6117712217426] | AJB50: [-79.4865146143376 | AJC50: 43.6117643950665] | AJD50: [-79.48648720045 | AJE50: 43.6117570383075] | AJF50: [-79.4864658816317 | AJG50: 43.6117471241449] | AJH50: [-79.4864409461961 | AJI50: 43.6117345738781] | AJJ50: [-79.486421770758 | AJK50: 43.6117220320639] | AJL50: [-79.4864102669325 | AJM50: 43.6117053061721] | AJN50: [-79.4864064293296 | AJO50: 43.6116913633726] | AJP50: [-79.4864045123248 | AJQ50: 43.6116760325982] | AJR50: [-79.4864064365161 | AJS50: 43.6116607037713] | AJT50: [-79.4864102795089 | AJU50: 43.6116453749404] | AJV50: [-79.4864121911238 | AJW50: 43.6116272558514] | AJX50: [-79.4864160341166 | AJY50: 43.6116188928929] | AJZ50: [-79.4864237048308 | AKA50: 43.6116049604798] | AKB50: [-79.4864467286515 | AKC50: 43.6115826572951] | AKD50: [-79.4864659211576 | AKE50: 43.611571515781] | AKF50: [-79.4864831786925 | AKG50: 43.6115701226038] | AKH50: [-79.4865157857407 | AKI50: 43.6115687313778] | AKJ50: [-79.4865426444694 | AKK50: 43.6115687346298] | AKL50: [-79.4865810097185 | AKM50: 43.6115771014977] | AKN50: [-79.4866078549725 | AKO50: 43.6115812901345] | AKP50: [-79.4866251241855 | AKQ50: 43.6115840738868] | AKR50: [-79.4866481408197 | AKS50: 43.6115882618727] | AKT50: [-79.4866634777566 | AKU50: 43.6115882631735] | AKV50: [-79.4866769084684 | AKW50: 43.6115812985899] | AKX50: [-79.4866941803763 | AKY50: 43.6115701473193] | AKZ50: [-79.4866960937879 | ALA50: 43.6115506330788] | ALB50: [-79.4867114531826 | ALC50: 43.6115060416201] | ALD50: [-79.4867248874877 | ALE50: 43.6114781656816] | ALF50: [-79.4867402648487 | ALG50: 43.6114071011343] | ALH50: [-79.486763293161 | ALI50: 43.6113555339025] | ALJ50: [-79.4867863268632 | ALK50: 43.6112858487354] | ALL50: [-79.4867901608729 | ALM50: 43.6112607616653] | ALN50: [-79.4867920868608 | ALO50: 43.6112370703713] | ALP50: [-79.4867882546478 | ALQ50: 43.6111980481719] | ALR50: [-79.4867825117182 | ALS50: 43.6111757513403] | ALT50: [-79.4867729266941 | ALU50: 43.6111520496063] | ALV50: [-79.4867479948517 | ALW50: 43.6111297495056] | ALX50: [-79.4867173128932 | ALY50: 43.6111046591183] | ALZ50: [-79.4866923819491 | AMA50: 43.611078174231] | AMB50: [-79.4866770351308 | AMC50: 43.6110656335808] | AMD50: [-79.4866578596928 | AME50: 43.6110558734526] | AMF50: [-79.4866348457535 | AMG50: 43.6110363564435] | AMH50: [-79.486571545967 | AMI50: 43.6110154559943] | AMJ50: [-79.4865523687323 | AMK50: 43.6110140497958] | AML50: [-79.4865063336673 | AMM50: 43.6110140536984] | AMN50: [-79.486444949089 | AMO50: 43.6110140465437] | AMP50: [-79.4863950845059 | AMQ50: 43.61101404069] | AMR50: [-79.4863337008259 | AMS50: 43.6110084607747] | AMT50: [-79.4863087662885 | AMU50: 43.6109931285255] | AMV50: [-79.4862895800707 | AMW50: 43.6109805787518] | AMX50: [-79.48627999325 | AMY50: 43.6109694332236] | AMZ50: [-79.4862742368456 | ANA50: 43.6109540944603] | ANB50: [-79.4862723324172 | ANC50: 43.6109373696558] | AND50: [-79.4862723378071 | ANE50: 43.6109164678713] | ANF50: [-79.4862723414004 | ANG50: 43.6108955582745] | ANH50: [-79.4862761745117 | ANI50: 43.6108774480655] | ANJ50: [-79.4862934482163 | ANK50: 43.6108579342506] | ANL50: [-79.4863183899402 | ANM50: 43.6108426078167] | ANN50: [-79.4863375698698 | ANO50: 43.6108328528557] | ANP50: [-79.4863682572182 | ANQ50: 43.6108244936893] | ANR50: [-79.4863893532543 | ANS50: 43.610828681728] | ANT50: [-79.4864181343777 | ANU50: 43.6108217099018] | ANV50: [-79.4864660882442 | ANW50: 43.6108272956882] | ANX50: [-79.4865140313309 | ANY50: 43.610827301542] | ANZ50: [-79.4865466509555 | AOA50: 43.6108259102988] | AOB50: [-79.4865850054249 | AOC50: 43.6108245197059] | AOD50: [-79.4866099426572 | AOE50: 43.6108245223076] | AOF50: [-79.4866329601897 | AOG50: 43.6108245164539] | AOH50: [-79.4866540580225 | AOI50: 43.6108217281135] | AOJ50: [-79.4866809185478 | AOK50: 43.6108175634893] | AOL50: [-79.4867000957825 | AOM50: 43.6108092036703] | AON50: [-79.4867116094895 | AOO50: 43.6107924716709] | AOP50: [-79.4867231222982 | AOQ50: 43.610771562031] | AOR50: [-79.4867346369035 | AOS50: 43.6107436948578] | AOT50: [-79.4867460508975 | AOU50: 43.6106702267939] | AOV50: [-79.4867692741442 | AOW50: 43.610576444067] | AOX50: [-79.4867990020919 | AOY50: 43.6104873865043] | AOZ50: [-79.4867943622935 | APA50: 43.6104597253831] | APB50: [-79.486739590214 | APC50: 43.6104138387758] | APD50: [-79.4866881670538 | APE50: 43.6103615701872] | APF50: [-79.4866682010983 | APG50: 43.6103406220226] | APH50: [-79.4876291478223 | API50: 43.6103582556335] | APJ50: [-79.4901365505962 | APK50: 43.6104754811926] | APL50: [-79.4900629228789 | APM50: 43.6109525510227] | APN50: [-79.4900327107393 | APO50: 43.6111595722948] | APP50: [-79.4898912476416 | APQ50: 43.6121136934156] | APR50: [-79.4897901126119 | APS50: 43.6127392731182] | APT50: [-79.4897168837466 | APU50: 43.6130138011188] | APV50: [-79.4896367153957 | APW50: 43.613229828423] | APX50: [-79.4894682731951 | APY50: 43.6134638499184] | APZ50: [-79.4893179859464 | AQA50: 43.6137878878336] | AQB50: [-79.4891661985111 | AQC50: 43.6140534149547] | AQD50: [-79.4886673918816 | AQE50: 43.6149580091653] | AQF50: [-79.4882351881439 | AQG50: 43.6157455802249] | AQH50: [-79.4873522035085 | AQI50: 43.6172892295381] | AQJ50: [-79.4869215188219 | AQK50: 43.6181128281099] | AQL50: [-79.4864733753778 | AQM50: 43.6189364049956] | AQN50: [-79.4861964508268 | AQO50: 43.6193459455854] | AQP50: [-79.4861104784609 | AQQ50: 43.619440450154] | AQR50: [-79.4860423151954 | AQS50: 43.6195124527299] | AQT50: [-79.4859657275293 | AQU50: 43.6195812231149] | AQV50: [-79.4859245361802 | AQW50: 43.6196122825284] | AQX50: [-79.4858805304094 | AQY50: 43.6196454652279] | AQZ50: [-79.4857822466325 | ARA50: 43.6197144669752] | ARB50: [-79.4856741137268 | ARC50: 43.6197810995249] | ARD50: [-79.4855532229474 | ARE50: 43.6198319422287] | ARF50: [-79.4854223455971 | ARG50: 43.6198769333133] | ARH50: [-79.4852813954374 | ARI50: 43.6199219217628] | ARJ50: [-79.4842653388673 | ARK50: 43.6201693430016] | ARL50: [-79.4841619472697 | ARM50: 43.6201963330827] | ARN50: [-79.4840020282845 | ARO50: 43.6202278161844] | ARP50: [-79.4839365024727 | ARQ50: 43.6202482575608] | ARR50: [-79.4838866271099 | ARS50: 43.6202638059564] | ART50: [-79.4838413259684 | ARU50: 43.6202728004695] | ARV50: [-79.4834351257632 | ARW50: 43.620430275442] | ARX50: [-79.4832709281023 | ARY50: 43.6205202657863] | ARZ50: [-79.4832376320463 | ASA50: 43.6205337630257] | ASB50: [-79.4831861154614 | ASC50: 43.6205697610685] | ASD50: [-79.4830811706766 | ASE50: 43.6206462578948] | ASF50: [-79.4829336044249 | ASG50: 43.6207632546504] | ASH50: [-79.4827527304391 | ASI50: 43.6209342632057] | ASJ50: [-79.4825772813793 | ASK50: 43.6211007627] | ASL50: [-79.4824816063099 | ASM50: 43.6212132656124] | ASN50: [-79.4822306026465 | ASO50: 43.6215777749035] | ASP50: [-79.4821966598035 | ASQ50: 43.6216363052436] | ASR50: [-79.4820322510385 | ASS50: 43.6219197972988] | AST50: [-79.4819753185107 | ASU50: 43.6219917995067] | ASV50: [-79.4820957241999 | ASW50: 43.6220188232354] | ASX50: [-79.4822444250238 | ASY50: 43.6220188459957] | ASZ50: [-79.4824233092412 | ATA50: 43.6220188648544] | ATB50: [-79.4826180711814 | ATC50: 43.6220458983253] | ATD50: [-79.4828344977912 | ATE50: 43.6220999398693] | ATF50: [-79.4830594592946 | ATG50: 43.6221629736442] | ATH50: [-79.4832844055265 | ATI50: 43.6222350184803] | ATJ50: [-79.4835081857453 | ATK50: 43.6223160541862] | ATL50: [-79.4837428041379 | ATM50: 43.6224105937541] | ATN50: [-79.4839410389649 | ATO50: 43.6224781324234] | ATP50: [-79.4841497319785 | ATQ50: 43.6225456632134] | ATR50: [-79.4843379101659 | ATS50: 43.6225996971549] | ATT50: [-79.4845485318623 | ATU50: 43.6226402329838] | ATV50: [-79.4847479389908 | ATW50: 43.6226852570824] | ATX50: [-79.4849554614995 | ATY50: 43.6227302922023] | ATZ50: [-79.4851492604456 | AUA50: 43.6227559259324] | AUB50: [-79.4853228868238 | AUC50: 43.622789262966] | AUD50: [-79.4855194382079 | AUE50: 43.6228606866774] | AUF50: [-79.485594771826 | AUG50: 43.6229273345986] | AUH50: [-79.4856307906756 | AUI50: 43.6229844525041] | AUJ50: [-79.4856569918375 | AUK50: 43.6230606165633] | AUL50: [-79.4856953400186 | AUM50: 43.6231174293587] | AUN50: [-79.4858037379274 | AUO50: 43.623216449421] | AUP50: [-79.4859407795172 | AUQ50: 43.6233334847439] | AUR50: [-79.4860840203808 | AUS50: 43.6234370089483] | AUT50: [-79.4862249543708 | AUU50: 43.6235495439047] | AUV50: [-79.4863654832206 | AUW50: 43.6236530768409] | AUX50: [-79.4865377827871 | AUY50: 43.6237566043966] | AUZ50: [-79.4867108468198 | AVA50: 43.6238196338334] | AVB50: [-79.4868905242497 | AVC50: 43.6238511605572] | AVD50: [-79.4869602020747 | AVE50: 43.6238961661915] | AVF50: [-79.4870198322432 | AVG50: 43.6239321778277] | AVH50: [-79.4870937644894 | AVI50: 43.6240131995409] | AVJ50: [-79.4871092442584 | AVK50: 43.6241167173726] | AVL50: [-79.4870422335315 | AVM50: 43.6242292276468] | AVN50: [-79.4869089954085 | AVO50: 43.6243237362444] | AVP50: [-79.4867769412651 | AVQ50: 43.6244452400201] | AVR50: [-79.4866452509394 | AVS50: 43.6245892558578] | AVT50: [-79.4865910115609 | AVU50: 43.6247152693514] | AVV50: [-79.4866389977667 | AVW50: 43.6248547970577] | AVX50: [-79.4888501119054 | AVY50: 43.6241957437996] | AVZ50: [-79.4893109638158 | AWA50: 43.6240583812783] | AWB50: [-79.4911828255941 | AWC50: 43.6236759360891] | AWD50: [-79.4925447039042 | AWE50: 43.6233699584174] | AWF50: [-79.4928609737663 | AWG50: 43.6240810713011] | AWH50: [-79.4929888040312 | AWI50: 43.6243733818594] | AWJ50: [-79.4931037057426 | AWK50: 43.6246121518153] | AWL50: [-79.4931472129484 | AWM50: 43.6247133569151] | AWN50: [-79.4931908063925 | AWO50: 43.6248146788924] | AWP50: [-79.4887092875099 | AWQ50: 43.6259126122807] | AWR50: [-79.4868276592478 | AWS50: 43.6263670629669] | AWT50: [-79.4867773221508 | AWU50: 43.6263805588937] | AWV50: [-79.4825768016789 | AWW50: 43.627397271725] | AWX50: [-79.4825078721505 | AWY50: 43.6274197641156] | AWZ50: [-79.4824385590415 | AXA50: 43.6274377653047] | AXB50: [-79.4823696169367 | AXC50: 43.6274602583304] | AXD50: [-79.482301467146 | AXE50: 43.6274827604509] | AXF50: [-79.4822333056772 | AXG50: 43.6275052534598] | AXH50: [-79.4821275793581 | AXI50: 43.6275862580028] | AXJ50: [-79.4797455266007 | AXK50: 43.6293997058938] | AXL50: [-79.4783581379332 | AXM50: 43.6304435865621] | AXN50: [-79.4778100793716 | AXO50: 43.630853063069] | AXP50: [-79.4759370425969 | AXQ50: 43.6322929165116] | AXR50: [-79.4758510486714 | AXS50: 43.6323559070893] | AXT50: [-79.4757642839913 | AXU50: 43.632423399475] | AXV50: [-79.4756767395736 | AXW50: 43.6324863905661] | AXX50: [-79.4755891807829 | AXY50: 43.6325538821551] | AXZ50: [-79.4755004856233 | AYA50: 43.6326168731094] | AYB50: [-79.4754113772387 | AYC50: 43.6326843736544] | AYD50: [-79.4753215025912 | AYE50: 43.6327473638218] | AYF50: [-79.4752312317866 | AYG50: 43.6328103539232] | AYH50: [-79.4751402054989 | AYI50: 43.6328688434186] | AYJ50: [-79.4750487938338 | AYK50: 43.6329318327425] | AYL50: [-79.4749566015329 | AYM50: 43.6329948226505] | AYN50: [-79.4748636160195 | AYO50: 43.6330578118423] | AYP50: [-79.4747706565573 | AYQ50: 43.6331163101994] | AYR50: [-79.4746769011877 | AYS50: 43.6331792992639] | AYT50: [-79.4745823804535 | AYU50: 43.6332377955521] | AYV50: [-79.4745542892362 | AYW50: 43.6332564406225] | AYX50: [-79.4744874734437 | AYY50: 43.6333007844893] | AYZ50: [-79.4743917875946 | AZA50: 43.6333547710532] | AZB50: [-79.4742968931613 | AZC50: 43.6334132678209] | AZD50: [-79.4742480769121 | AZE50: 43.6334447622057] | AZF50: [-79.4740487030213 | AZG50: 43.6333440184763] | AZH50: [-79.473964325165 | AZI50: 43.6333013774484]]]] | AZJ50: ""type"": ""MultiPolygon""}"
A51: 144 | B51: Eringate-Centennial-West Deane | C51: 26.024046 | D51: 10.470656 | E51: 20.940216 | F51: 20.801914 | G51: 10.302375 | H51: 15.371215 | I51: 20.552872 | L51: 10.014521 | M51: 9.8775187
A52: 47 | B52: Etobicoke City Centre | C52: 30.840401 | D52: 59.177433 | E52: 87.901917 | F52: 57.924519 | G52: 47.153637 | H52: 66.321243 | I52: 68.759102 | J52: 91.193848 | K52: 52.736656 | L52: 59.977421 | M52: 40.053406 | N52: 45.295715
A53: 142 | B53: Etobicoke West Mall | C53: 86.677643 | D53: 17.142366 | E53: 8.1873264 | F53: 16.139444 | G53: 15.875536 | H53: 23.520187 | I53: 15.612803 | J53: 31.22073 | K53: 30.275507 | L53: 21.717098 | M53: 27.913467 | N53: 13.781698
A54: 13 | B54: Fenside-Parkwoods | C54: 4.6628742 | D54: 18.728346 | E54: 37.39716 | F54: 37.152279 | G54: 9.2000551 | H54: 18.30496 | I54: 9.1751537 | J54: 23.095755 | K54: 13.567294 | L54: 30.518377 | M54: 12.723186 | N54: 8.4463024
A55: 109 | B55: Flemingdon Park | C55: 57.38501 | D55: 44.239956 | E55: 17.672527 | F55: 21.784594 | G55: 8.5737553 | H55: 29.647198 | I55: 16.877638 | J55: 21.106842 | K55: 16.460905 | L55: 23.716352 | M55: 15.309247 | N55: 41.759995
A56: 56 | B56: Forest Hill North | C56: 131.0717 | D56: 315.8219 | E56: 98.731674 | F56: 68.217995 | G56: 52.850132 | H56: 151.08023 | I56: 182.67621 | J56: 38.535645 | K56: 15.177961 | L56: 22.12063 | M56: 64.963188 | N56: 21.69825
A57: 57 | B57: Forest Hill South | C57: 81.359612 | D57: 100.26434 | E57: 81.462708 | F57: 71.473244 | G57: 140.54814 | H57: 69.522896 | I57: 199.16869 | J57: 182.00728 | K57: 59.818836 | L57: 91.476089 | M57: 73.379532 | N57: 40.929928
A58: 43 | B58: Fort York-Liberty Village | C58: 266.47125 | D58: 425.55743 | E58: 325.80365 | F58: 397.34406 | G58: 512.64008 | H58: 583.06207 | I58: 312.72211 | J58: 251.03435 | K58: 142.26016 | L58: 180.1198 | M58: 346.90378 | N58: 151.61528
A59: 127 | B59: Glenfield-Jane Heights | C59: 31.588591 | D59: 89.368355 | E59: 31.862354 | F59: 41.179638 | G59: 21.993214 | H59: 25.010942 | I59: 43.936729 | J59: 18.938198 | K59: 15.775359 | L59: 15.551132 | M59: 21.637661 | N59: 12.566366
A60: 22 | B60: Golfdale-Cedarbrae-Woburn | C60: 22.188528 | D60: 14.850566 | E60: 55.062038 | F60: 36.108906 | G60: 10.631512 | H60: 6.9868994 | I60: 10.424993 | J60: 6.9509611 | K60: 6.8610635 | L60: 26.745119 | M60: 16.432234 | N60: 19.821606
A61: 91 | B61: Greenwood-Coxwell | C61: 107.90397 | D61: 161.82321 | E61: 248.28882 | F61: 180.56577 | G61: 172.6657 | H61: 258.80948 | I61: 373.75693 | J61: 411.24521 | K61: 213.23383 | L61: 104.11244 | M61: 128.21335 | N61: 103.25245
A62: 23 | B62: Guildwood | C62: 30.309153 | D62: 20.234722 | E62: 59.055119 | F62: 19.596315 | G62: 9.7162848 | H62: 19.347973 | I62: 38.857586 | K62: 19.312475 | L62: 18.835939 | M62: 36.968578 | N62: 27.862915
A63: 41 | B63: Harbourfront-CityPlace | C63: 284.69138 | D63: 292.36252 | E63: 454.66403 | F63: 549.41083 | G63: 444.67786 | H63: 436.30911 | I63: 254.53815 | J63: 301.21478 | K63: 292.93765 | L63: 265.57217 | M63: 219.53897 | N63: 138.72768
A64: 132 | B64: Henry Farm | C64: 27.307482 | D64: 12.935774 | E64: 5.7643533 | F64: 16.488047 | G64: 5.2353282 | H64: 25.094103 | I64: 58.224163 | J64: 89.58461 | K64: 31.534372 | L64: 33.948654 | M64: 12.106049 | N64: 23.576565
A65: 100 | B65: High Park North | C65: 147.3609 | D65: 164.67133 | E65: 204.7841 | F65: 263.78378 | G65: 226.79619 | H65: 221.32368 | I65: 247.19771 | J65: 137.2095 | K65: 142.68329 | L65: 113.34197 | M65: 129.93149 | N65: 74.45433
A66: 101 | B66: High Park-Swansea | C66: 81.061478 | D66: 84.139671 | E66: 230.75989 | F66: 129.62288 | G66: 177.92874 | H66: 133.86337 | I66: 81.957138 | J66: 116.53072 | K66: 57.271427 | L66: 75.372894 | M66: 62.068432 | N66: 73.749176
A67: 28 | B67: Highland Creek | C67: 106.51247 | D67: 84.75882 | E67: 116.53201 | F67: 15.353908 | H67: 22.507315 | K67: 22.488756 | L67: 22.053959 | M67: 36.429871 | N67: 14.759058
A68: 136 | B68: Hillcrest Village | C68: 22.51745 | D68: 22.802418 | E68: 17.259233 | F68: 40.241447 | G68: 51.555248 | H68: 51.549343 | J68: 23.311382 | L68: 11.257458 | M68: 16.592003 | N68: 33.379696
A69: 45 | B69: Humber Bay Shores | C69: 61.295376 | D69: 81.750725 | E69: 185.3291 | F69: 211.20499 | G69: 320.89438 | H69: 359.46759 | I69: 175.27675 | J69: 101.54974 | K69: 106.34678 | L69: 64.578621 | M69: 61.897945 | N69: 91.105797
A70: 147 | B70: Humber Heights-Westmount | C70: 29.165857 | D70: 29.137529 | E70: 8.911068 | F70: 8.9221983 | G70: 26.716537 | H70: 8.9373493 | I70: 9.0236416 | J70: 27.437351 | K70: 36.314117 | L70: 8.8809948 | N70: 8.8183422
A71: 158 | B71: Humber Summit | C71: 54.330952 | D71: 23.404587 | E71: 46.926327 | F71: 23.35721 | G71: 15.46312 | H71: 53.924969 | I71: 7.7369437 | J71: 15.594542 | K71: 23.293734 | L71: 30.499428 | M71: 7.5483093
A72: 157 | B72: Humbermede | C72: 12.312996 | D72: 31.03277 | E72: 18.706741 | F72: 18.220469 | G72: 11.795931 | H72: 5.7616963 | I72: 22.719528 | J72: 11.251758 | L72: 10.574737 | M72: 15.411487 | N72: 5.107513
A73: 53 | B73: Humewood-Cedarvale | C73: 183.71097 | D73: 347.45877 | E73: 121.22845 | F73: 87.34211 | G73: 127.14983 | H73: 86.973976 | I73: 195.64191 | J73: 109.30455 | K73: 152.27754 | L73: 82.435005 | M73: 97.859329 | N73: 36.280083
A74: 34 | B74: Ionview | D74: 21.483816 | F74: 21.22241 | G74: 21.076296 | H74: 28.048525 | I74: 28.22666 | J74: 7.1316504 | K74: 21.311359 | L74: 34.908886
A75: 48 | B75: Islington | C75: 60.608685 | D75: 51.557465 | E75: 29.384602 | F75: 24.853983 | G75: 20.413996 | H75: 28.259993 | I75: 52.358131 | J75: 32.278889 | K75: 15.661707 | L75: 29.982759 | M75: 32.567398 | N75: 46.46674
A76: 67 | B76: Junction Area | C76: 173.87675 | D76: 139.09174 | E76: 176.09212 | F76: 155.00742 | G76: 173.82002 | H76: 146.67645 | I76: 140.68466 | J76: 101.39246 | K76: 66.23394 | L76: 102.32142 | M76: 149.62593 | N76: 105.74112
A77: 4 | B77: Junction-Wallace Emerson | C77: 178.82233 | D77: 172.00151 | E77: 204.06497 | F77: 255.47446 | G77: 269.40088 | H77: 279.75381 | I77: 216.42419 | J77: 145.3195 | K77: 133.3804 | L77: 206.76692 | M77: 149.11259 | N77: 154.80434
A78: 78 | B78: Keelesdale-Eglinton West | C78: 26.329647 | D78: 35.014004 | E78: 26.269703 | F78: 51.800053 | G78: 25.477707 | H78: 16.765865 | I78: 41.781567 | J78: 16.743408 | K78: 24.732069 | L78: 16.02821 | M78: 15.739356 | N78: 7.8926597
A79: 35 | B79: Kennedy Park | C79: 5.6522722 | D79: 39.714058 | E79: 28.346277 | F79: 50.56464 | G79: 66.685188 | H79: 16.568178 | I79: 22.145943 | J79: 50.231625 | K79: 44.021351 | L79: 42.863266 | M79: 31.550718 | N79: 31.697395
A80: 81 | B80: Kensington-Chinatown | C80: 512.70978 | D80: 572.89392 | E80: 695.33588 | F80: 782.97424 | G80: 732.63855 | H80: 630.72229 | I80: 510.41034 | J80: 553.68201 | K80: 447.84113 | L80: 636.1441 | M80: 508.38388 | N80: 390.33377
A81: 149 | B81: Kingsview Village-The Westway | D81: 26.541626 | E81: 8.8280735 | F81: 17.523876 | G81: 21.675047 | H81: 21.510002 | I81: 21.549866 | J81: 13.001083 | K81: 21.470285 | L81: 4.193048 | M81: 12.394646 | N81: 4.1633706
A82: 141 | B82: Kingsway South | C82: 138.40094 | D82: 181.314 | E82: 147.3064 | F82: 94.627274 | G82: 73.375259 | H82: 84.05127 | I82: 127.23995 | J82: 64.536949 | K82: 62.846966 | L82: 90.670967 | M82: 58.58231 | N82: 58.088875
A83: 74 | B83: Lambton Baby Point | C83: 85.147789 | D83: 121.93635 | E83: 73.099419 | F83: 36.302032 | G83: 71.907959 | H83: 107.18114 | I83: 119.33174 | J83: 72.10672 | K83: 71.547821 | L83: 11.650938 | M83: 22.996435 | N83: 11.609009
A84: 16 | B84: L'Amoreaux West | C84: 8.8191195 | D84: 4.4420753 | E84: 21.854101 | F84: 30.52503 | G84: 30.393818 | H84: 26.051844 | I84: 21.834061 | J84: 30.781408 | K84: 13.048584 | L84: 33.810913 | M84: 45.527916 | N84: 33.170246
A85: 115 | B85: Lansing-Westgate | C85: 37.380848 | D85: 24.523327 | E85: 77.797729 | F85: 29.793827 | G85: 23.640661 | H85: 29.411764 | I85: 64.954239 | J85: 65.429459 | K85: 5.831924 | L85: 62.038239 | M85: 82.399475 | N85: 43.862053
A86: 54 | B86: Lawrence Park North | C86: 53.02227 | D86: 66.50705 | E86: 93.215263 | F86: 131.93483 | G86: 91.312286 | H86: 148.77103 | I86: 110.02524 | J86: 123.66571 | K86: 82.987549 | L86: 37.073654 | M86: 30.198708 | N86: 30.167732
A87: 55 | B87: Lawrence Park South | C87: 37.921883 | D87: 69.801384 | E87: 76.711632 | F87: 114.4383 | G87: 88.350372 | H87: 69.186745 | I87: 202.13506 | J87: 108.34927 | K87: 43.709023 | L87: 36.277889 | M87: 29.479393 | N87: 17.663683
A88: 129 | B88: Leaside-Bennington | C88: 150.82082 | D88: 134.24385 | E88: 220.03474 | F88: 97.819206 | G88: 131.16624 | H88: 147.57634 | I88: 273.25516 | J88: 160.26558 | K88: 56.25246 | L88: 65.462875 | M88: 15.971889 | N88: 10.646226
A89: 104 | B89: Little Portugal | C89: 271.58774 | D89: 259.29126 | E89: 252.49416 | F89: 493.30084 | G89: 337.22751 | H89: 382.29495 | I89: 441.76468 | J89: 245.15666 | K89: 111.31943 | L89: 96.094063 | M89: 148.44136 | N89: 153.03055
A90: 138 | B90: Long Branch | C90: 107.12894 | D90: 96.983803 | E90: 95.969292 | F90: 157.68481 | G90: 313.47961 | H90: 95.569069 | I90: 68.027214 | J90: 92.181343 | K90: 244.97795 | L90: 125.85542 | M90: 84.117149 | N90: 38.019924
A91: 17 | B91: Malvern East | C91: 18.3783 | D91: 14.870995 | E91: 18.731503 | F91: 11.120996 | G91: 7.31743 | H91: 7.2597919 | I91: 10.885736 | J91: 25.486055 | K91: 3.6128473 | L91: 21.199915 | M91: 34.849277 | N91: 21.077778
